state,avg_rainfall_mm,river_level_m,elevation_m,distance_to_river_km,drainage_quality,soil_type,past_flood_events,flood_risk
Benue,327.5,5.43,86.2,16.22,Fair,Clay,0,Low
Lagos,271.1,7.41,116.2,21.2,Good,Loamy,0,Low
Rivers,136.5,2.0,364.4,9.83,Poor,Clay,1,Low
Anambra,133.4,1.93,202.1,13.86,Fair,Sandy,1,Low
Benue,168.6,4.13,109.1,19.43,Fair,Clay,1,Low
Delta,414.3,8.74,240.2,2.21,Fair,Clay,2,Low
Jigawa,269.0,10.45,82.3,21.48,Fair,Clay,1,Medium
Benue,343.6,7.37,31.6,4.01,Poor,Clay,2,Medium
Rivers,188.6,7.09,10.3,21.63,Poor,Sandy,1,Low
Anambra,213.1,5.72,380.7,7.85,Fair,Loamy,3,Low
Lagos,100.2,3.2,290.4,8.24,Good,Sandy,4,Low
Rivers,118.5,2.74,320.4,1.94,Good,Sandy,5,Low
Rivers,380.9,9.49,392.4,22.16,Good,Loamy,5,Low
Jigawa,283.9,11.24,372.8,4.45,Good,Sandy,0,Low
Niger,185.0,6.31,295.3,15.79,Poor,Loamy,3,Medium
Anambra,371.1,8.42,278.2,16.13,Poor,Loamy,4,Medium
Bayelsa,148.6,11.1,136.1,7.1,Good,Clay,5,Medium
Rivers,440.4,2.45,43.4,24.64,Poor,Sandy,5,Medium
Niger,187.9,9.59,230.3,1.7,Good,Loamy,2,Low
Bayelsa,184.9,7.98,231.3,15.24,Fair,Sandy,0,Low
Anambra,174.8,7.79,381.0,12.04,Fair,Sandy,2,Low
Kogi,98.8,4.57,178.1,6.21,Good,Loamy,2,Low
Delta,94.5,8.68,276.9,4.17,Poor,Clay,0,Medium
Niger,309.2,9.85,230.8,18.45,Good,Loamy,4,Low
Kwara,400.0,2.69,72.4,22.92,Poor,Clay,0,Medium
Kogi,366.2,7.1,237.6,2.78,Fair,Loamy,1,Low
Delta,106.4,2.56,217.0,4.93,Poor,Loamy,2,Low
Jigawa,268.2,10.66,198.6,24.66,Good,Clay,1,Low
Benue,92.2,6.83,206.3,0.47,Fair,Clay,0,Low
Lagos,68.1,9.98,67.3,12.76,Fair,Sandy,0,Low
Kwara,312.6,5.36,186.5,12.95,Poor,Loamy,5,Low
Jigawa,264.1,2.81,243.1,6.65,Fair,Sandy,4,Low
Anambra,82.8,1.94,196.8,16.61,Fair,Sandy,2,Low
Jigawa,64.0,4.46,196.5,23.63,Poor,Clay,3,Medium
Benue,445.9,4.06,32.9,11.31,Fair,Clay,0,Low
Anambra,62.0,7.38,77.9,18.76,Good,Sandy,5,Low
Kwara,227.8,1.73,129.7,16.19,Poor,Clay,3,High
Benue,251.8,6.97,168.9,11.88,Poor,Loamy,2,Low
Bayelsa,96.9,5.61,238.4,1.34,Poor,Clay,1,Medium
Lagos,117.6,7.56,345.6,18.57,Poor,Clay,2,High
Kwara,190.7,8.88,65.3,9.14,Good,Loamy,4,Medium
Bayelsa,354.7,8.16,8.0,5.69,Poor,Clay,3,High
Delta,252.8,11.84,180.8,23.71,Good,Sandy,5,Low
Kwara,305.2,2.95,174.0,19.36,Poor,Sandy,3,Low
Delta,444.1,6.01,221.7,24.06,Poor,Sandy,1,Low
Anambra,357.2,5.96,333.6,6.48,Fair,Clay,5,Medium
Bayelsa,223.7,5.88,321.3,20.91,Fair,Clay,1,Low
Lagos,228.6,8.47,41.8,15.23,Good,Clay,0,Low
Benue,297.5,6.64,373.7,24.54,Fair,Sandy,2,Low
Rivers,316.1,6.93,45.9,23.66,Poor,Clay,4,Medium
Jigawa,250.3,6.04,254.6,24.33,Good,Loamy,0,Low
Kogi,307.9,11.91,269.6,23.8,Fair,Clay,2,Medium
Lagos,59.4,11.24,272.6,0.29,Poor,Sandy,1,Low
Bayelsa,221.8,4.73,107.6,18.55,Fair,Loamy,4,Medium
Rivers,161.6,2.67,133.5,6.87,Fair,Loamy,1,Medium
Lagos,101.7,10.32,220.4,17.66,Fair,Sandy,5,Low
Bayelsa,89.8,11.97,81.4,24.52,Fair,Loamy,1,Low
Niger,291.3,4.57,10.1,1.08,Poor,Loamy,3,High
Niger,259.4,5.26,225.7,14.22,Fair,Loamy,2,Low
Delta,151.4,11.39,187.2,18.4,Good,Loamy,0,Low
Lagos,238.4,8.97,263.4,6.41,Good,Loamy,3,Low
Niger,246.9,4.6,60.4,5.71,Fair,Clay,5,High
Bayelsa,128.0,7.6,336.7,1.6,Good,Sandy,2,Low
Delta,310.8,11.41,60.2,2.44,Fair,Sandy,5,Medium
Bayelsa,362.4,10.02,356.8,16.45,Poor,Clay,2,Medium
Delta,366.6,9.29,180.9,12.68,Poor,Clay,2,High
Lagos,291.0,9.24,220.8,0.85,Good,Sandy,4,Low
Rivers,254.7,3.37,358.8,24.24,Good,Sandy,3,Low
Benue,74.4,10.16,121.4,16.44,Fair,Clay,0,Medium
Kwara,165.1,4.4,74.4,12.94,Fair,Clay,3,Medium
Rivers,87.3,11.27,179.4,6.89,Fair,Loamy,5,Medium
Anambra,435.5,5.33,99.3,16.49,Poor,Clay,1,Medium
Bayelsa,104.0,10.51,212.1,9.17,Fair,Clay,5,High
Anambra,110.7,4.3,111.6,17.59,Poor,Loamy,2,Medium
Rivers,405.8,6.9,346.1,17.1,Good,Loamy,1,Low
Delta,427.6,2.62,243.7,2.41,Poor,Sandy,3,Low
Kwara,356.3,8.43,2.1,22.74,Good,Sandy,0,Medium
Kwara,52.2,10.28,322.6,12.23,Poor,Clay,1,Medium
Kogi,50.5,9.04,133.4,9.88,Poor,Loamy,1,Medium
Kwara,201.2,6.99,129.4,23.89,Fair,Loamy,4,Low
Benue,107.4,1.97,154.5,11.01,Good,Sandy,3,Low
Kwara,57.4,11.3,252.8,18.06,Poor,Sandy,1,Low
Rivers,235.6,8.91,177.9,16.41,Poor,Clay,3,Medium
Kogi,427.2,9.33,252.2,4.21,Good,Loamy,0,Low
Rivers,179.5,9.84,60.4,24.78,Poor,Sandy,1,Medium
Rivers,314.5,9.35,388.1,11.64,Good,Clay,0,Low
Jigawa,310.9,6.13,292.4,9.93,Good,Clay,5,Low
Kogi,150.4,9.2,101.6,23.0,Good,Clay,1,Medium
Rivers,310.2,8.06,290.2,13.28,Poor,Sandy,2,Medium
Jigawa,134.9,10.47,230.9,17.66,Poor,Sandy,4,Low
Jigawa,98.8,9.93,45.5,21.17,Fair,Sandy,4,Medium
Kogi,330.6,1.93,72.9,5.96,Good,Sandy,4,Low
Anambra,95.4,5.48,18.4,4.32,Poor,Sandy,0,Low
Delta,448.8,1.86,324.1,1.81,Poor,Loamy,3,Medium
Benue,123.4,2.57,221.6,22.44,Good,Loamy,4,Low
Delta,287.7,7.81,128.1,5.09,Good,Loamy,5,High
Kwara,214.5,10.68,52.3,7.76,Good,Loamy,1,Low
Benue,100.6,2.76,194.7,7.22,Fair,Clay,1,Low
Kwara,61.1,6.24,211.1,7.68,Fair,Clay,2,Low
Rivers,299.1,11.06,281.4,16.73,Fair,Loamy,0,Low
Bayelsa,372.7,10.05,388.0,23.86,Good,Sandy,1,Low
Kogi,386.8,6.96,175.1,8.3,Poor,Loamy,1,Low
Benue,243.1,9.6,163.6,10.25,Good,Loamy,2,Low
Benue,361.0,6.99,149.2,19.3,Poor,Clay,2,Medium
Rivers,319.1,3.16,331.1,10.87,Fair,Sandy,3,Low
Anambra,339.7,2.81,64.2,23.16,Fair,Clay,3,Medium
Jigawa,247.0,3.48,138.8,12.63,Fair,Sandy,3,Low
Rivers,303.4,5.18,290.5,8.76,Poor,Clay,1,Low
Niger,372.2,11.27,8.2,24.29,Poor,Loamy,2,High
Jigawa,209.2,9.9,117.2,10.7,Good,Sandy,5,Medium
Kogi,372.4,6.04,257.3,5.86,Good,Clay,0,Low
Jigawa,286.8,6.68,76.0,4.52,Good,Loamy,3,Low
Anambra,116.4,4.29,122.5,24.88,Fair,Clay,5,Medium
Jigawa,59.9,8.9,195.4,18.85,Good,Clay,4,Low
Kogi,195.1,9.93,170.0,10.28,Fair,Clay,1,Low
Anambra,268.7,4.01,44.2,20.68,Poor,Loamy,0,Low
Delta,385.9,1.94,375.4,13.72,Fair,Sandy,1,Low
Benue,101.0,8.05,19.6,8.0,Fair,Clay,5,High
Benue,370.1,7.41,300.4,18.61,Fair,Loamy,3,Low
Kwara,395.2,5.72,30.4,18.67,Poor,Clay,5,High
Delta,110.3,8.26,188.0,12.55,Poor,Sandy,5,Medium
Delta,390.6,7.28,71.8,1.22,Good,Clay,1,Medium
Jigawa,446.6,4.13,58.2,2.02,Good,Loamy,3,Low
Benue,340.7,5.68,52.1,19.74,Good,Clay,1,Low
Kogi,363.9,6.0,182.2,20.6,Poor,Clay,3,Medium
Lagos,447.8,10.74,207.2,16.99,Poor,Sandy,2,Medium
Lagos,292.2,11.59,55.1,20.99,Poor,Sandy,2,Medium
Anambra,173.2,10.88,391.8,18.02,Poor,Sandy,2,Low
Benue,385.0,9.05,104.6,22.43,Poor,Clay,2,High
Benue,295.8,7.64,184.6,3.84,Fair,Loamy,2,Low
Lagos,282.5,8.74,88.1,9.75,Good,Clay,4,High
Benue,151.5,11.36,198.6,11.66,Fair,Clay,1,Low
Jigawa,352.5,4.12,302.9,7.51,Good,Clay,5,Low
Niger,82.7,7.12,209.4,18.16,Fair,Clay,2,Low
Bayelsa,419.7,8.74,115.7,22.82,Poor,Sandy,4,High
Delta,180.3,8.63,100.9,10.37,Good,Sandy,4,Low
Kwara,101.1,4.15,304.1,23.54,Fair,Sandy,1,Low
Anambra,226.9,7.66,49.1,12.97,Good,Sandy,1,Low
Niger,67.0,9.86,149.2,13.11,Poor,Loamy,3,High
Lagos,323.9,6.49,62.3,15.05,Poor,Clay,3,High
Delta,411.1,9.83,104.7,6.78,Good,Clay,2,Medium
Benue,384.9,5.28,62.8,9.65,Good,Clay,0,Low
Kwara,100.9,11.36,354.9,13.88,Poor,Loamy,3,High
Benue,100.5,7.11,293.3,23.56,Poor,Loamy,0,Low
Kogi,375.4,7.76,225.2,16.1,Poor,Sandy,5,Medium
Kogi,419.7,1.83,91.3,8.39,Fair,Clay,3,Medium
Kwara,234.3,3.29,205.1,0.36,Good,Clay,5,Medium
Kwara,249.6,8.15,209.3,24.54,Poor,Loamy,4,Low
Lagos,177.3,5.91,237.0,12.38,Good,Clay,4,Low
Kwara,407.7,6.84,25.9,23.47,Fair,Loamy,5,Low
Jigawa,308.0,2.16,389.2,13.78,Fair,Sandy,4,Low
Benue,165.3,10.26,187.2,15.18,Poor,Loamy,5,Medium
Niger,169.5,9.74,370.8,17.83,Good,Clay,0,Low
Rivers,406.5,3.45,5.9,8.09,Fair,Loamy,2,Medium
Kwara,55.5,8.16,100.5,17.5,Good,Loamy,5,Medium
Anambra,179.1,10.09,43.4,13.22,Good,Sandy,3,Medium
Kogi,271.7,8.23,308.3,16.84,Poor,Clay,3,Medium
Jigawa,109.3,4.76,129.4,20.91,Fair,Clay,0,Low
Delta,86.8,8.39,336.5,4.69,Fair,Sandy,5,Low
Rivers,376.1,3.71,333.3,15.38,Fair,Loamy,4,Low
Niger,407.8,4.84,267.8,1.4,Good,Loamy,2,Low
Rivers,379.4,4.02,267.0,2.64,Fair,Clay,3,Low
Kwara,409.5,7.35,280.7,16.9,Fair,Loamy,2,Low
Lagos,271.2,2.64,270.2,1.87,Good,Sandy,2,Low
Kogi,374.9,11.3,156.0,14.92,Fair,Clay,1,Low
Kogi,203.6,5.0,273.8,5.58,Fair,Loamy,2,Low
Delta,316.5,3.8,359.2,7.67,Good,Sandy,5,Low
Lagos,445.5,6.71,134.4,3.33,Fair,Sandy,1,Low
Benue,140.3,4.41,378.1,6.29,Poor,Clay,0,Low
Bayelsa,206.0,7.12,7.4,20.55,Good,Clay,4,Medium
Jigawa,242.0,5.16,140.9,16.01,Fair,Loamy,1,Low
Kogi,105.2,2.89,54.6,23.75,Poor,Loamy,2,Medium
Anambra,82.4,4.29,52.4,1.31,Good,Loamy,4,Medium
Kogi,381.9,6.1,326.5,19.83,Fair,Sandy,2,Low
Rivers,440.7,1.82,367.5,17.51,Good,Sandy,2,Low
Kogi,211.9,9.59,311.5,6.6,Poor,Loamy,1,Medium
Kogi,85.1,8.03,390.7,18.26,Good,Clay,0,Low
Bayelsa,76.3,7.81,88.1,17.94,Fair,Sandy,2,Medium
Bayelsa,406.5,7.23,58.0,11.54,Poor,Sandy,5,Medium
Niger,235.5,7.7,209.2,17.25,Good,Loamy,1,Low
Benue,178.0,11.31,332.0,11.17,Fair,Clay,5,Medium
Anambra,240.6,1.59,17.9,8.46,Fair,Sandy,5,Low
Kogi,177.3,2.0,398.2,11.72,Poor,Clay,2,Low
Kogi,245.6,3.51,241.7,22.39,Poor,Sandy,5,Low
Jigawa,393.8,3.26,391.6,9.68,Good,Clay,4,Low
Bayelsa,286.9,3.4,147.3,10.15,Fair,Clay,0,Low
Anambra,327.9,8.56,184.3,15.25,Poor,Sandy,2,Low
Delta,195.9,6.32,301.4,18.85,Fair,Clay,5,Medium
Niger,345.4,11.91,317.5,18.39,Good,Sandy,0,Low
Benue,316.6,3.88,94.7,0.59,Poor,Sandy,0,Low
Lagos,97.8,4.76,372.1,17.22,Good,Clay,4,Low
Benue,279.1,11.83,347.2,11.32,Good,Sandy,4,Low
Rivers,152.7,10.23,9.2,13.15,Poor,Clay,3,High
Kogi,371.6,6.43,53.2,14.09,Good,Sandy,0,Low
Niger,220.4,7.32,199.4,18.32,Fair,Clay,2,Low
Rivers,447.9,10.35,185.5,20.8,Poor,Sandy,4,Medium
Anambra,87.0,6.55,283.9,16.19,Fair,Sandy,2,Low
Lagos,362.1,3.66,37.7,14.14,Good,Loamy,0,Low
Bayelsa,319.5,10.2,258.7,9.41,Poor,Sandy,4,Medium
Niger,357.0,7.15,247.3,3.53,Fair,Sandy,3,Low
Niger,173.0,3.11,95.0,23.97,Fair,Clay,0,Low
Kogi,246.8,6.81,217.9,11.6,Fair,Clay,2,Low
Kwara,368.6,5.84,90.4,14.2,Fair,Clay,3,Medium
Niger,143.0,10.71,60.5,18.8,Fair,Clay,0,Medium
Jigawa,140.4,2.82,230.1,1.8,Good,Loamy,4,Low
Lagos,270.4,10.69,391.0,21.39,Good,Loamy,5,Low
Lagos,259.4,6.88,96.3,19.95,Good,Clay,0,Low
Jigawa,162.9,5.75,143.4,19.38,Good,Clay,1,Low
Delta,169.2,3.2,104.1,0.65,Good,Clay,2,Low
Jigawa,161.1,8.86,108.1,13.21,Good,Clay,4,High
Jigawa,358.6,11.23,162.9,1.45,Good,Sandy,4,Low
Lagos,310.8,5.44,281.3,13.82,Fair,Clay,1,Low
Benue,383.0,4.04,17.4,17.99,Good,Sandy,5,Medium
Lagos,440.2,7.33,382.9,3.13,Fair,Clay,3,Low
Kwara,239.7,9.86,20.4,17.4,Poor,Loamy,4,High
Kogi,76.7,1.54,352.7,11.29,Good,Loamy,3,Low
Rivers,69.2,8.13,358.0,20.31,Fair,Clay,3,Medium
Benue,168.3,7.76,210.7,13.39,Poor,Loamy,3,Medium
Bayelsa,423.0,4.84,56.5,8.47,Poor,Loamy,5,Medium
Rivers,259.3,6.24,226.9,8.37,Fair,Loamy,0,Low
Kogi,158.7,4.09,252.2,22.45,Fair,Loamy,1,Low
Kwara,209.7,9.79,343.4,11.38,Fair,Sandy,2,Low
Kwara,289.4,8.16,221.3,10.2,Good,Sandy,1,Low
Bayelsa,311.2,7.09,165.5,1.09,Poor,Sandy,4,Low
Benue,111.6,5.62,335.6,9.17,Good,Sandy,1,Low
Delta,440.8,4.56,392.4,21.26,Good,Clay,2,Low
Jigawa,267.9,10.14,258.8,19.05,Good,Loamy,0,Low
Benue,104.3,6.24,350.0,5.6,Poor,Loamy,4,Low
Delta,407.5,6.77,240.3,10.39,Poor,Clay,0,Low
Kwara,79.9,6.97,276.5,4.99,Poor,Clay,4,Medium
Lagos,413.1,6.21,275.9,23.86,Fair,Sandy,2,Low
Kogi,448.6,4.19,282.5,14.99,Good,Sandy,0,Low
Bayelsa,330.2,2.76,129.8,18.88,Fair,Loamy,2,Medium
Kogi,358.2,2.53,231.1,17.87,Fair,Clay,2,Low
Anambra,184.9,9.45,238.5,21.85,Good,Loamy,5,Low
Anambra,426.6,3.85,127.4,23.74,Poor,Clay,1,Medium
Benue,261.9,2.08,141.2,0.91,Good,Sandy,4,Low
Kwara,343.0,9.87,305.4,24.38,Fair,Loamy,3,Low
Kwara,419.6,3.12,233.9,21.78,Poor,Loamy,3,Low
Jigawa,440.1,8.06,61.4,9.64,Poor,Clay,0,High
Jigawa,383.3,5.06,335.4,20.94,Fair,Loamy,2,Low
Jigawa,171.2,2.83,353.5,18.44,Poor,Sandy,1,Low
Lagos,436.6,5.85,187.5,19.85,Poor,Loamy,4,Medium
Rivers,301.2,1.66,85.1,5.6,Good,Clay,0,Low
Niger,422.3,10.33,379.1,16.25,Good,Loamy,2,Low
Rivers,320.4,6.89,353.1,0.75,Fair,Sandy,5,Medium
Kogi,172.9,2.96,99.3,21.22,Fair,Clay,3,Medium
Rivers,198.0,3.99,40.0,23.78,Fair,Clay,3,Medium
Lagos,270.2,6.2,177.4,16.59,Poor,Sandy,4,Medium
Kogi,366.0,3.48,271.2,12.87,Fair,Clay,4,Low
Rivers,177.2,4.32,71.8,18.17,Good,Clay,4,Medium
Lagos,281.9,7.11,206.3,8.23,Poor,Loamy,0,Low
Niger,188.2,10.24,171.3,15.7,Fair,Clay,4,Medium
Rivers,376.3,5.72,356.4,18.0,Poor,Loamy,0,Low
Lagos,236.7,9.03,173.0,3.65,Poor,Sandy,1,Low
Jigawa,80.7,10.71,214.4,3.59,Poor,Sandy,2,Medium
Kwara,116.4,3.77,382.2,17.93,Fair,Sandy,3,Low
Jigawa,74.4,9.98,121.3,10.85,Poor,Sandy,0,Medium
Kwara,249.7,9.45,117.0,22.24,Poor,Clay,2,High
Bayelsa,92.5,5.25,320.2,7.87,Poor,Clay,5,Medium
Bayelsa,95.7,11.89,112.5,1.16,Good,Loamy,4,High
Bayelsa,426.4,4.26,333.1,16.28,Fair,Loamy,3,Low
Niger,399.1,4.18,40.0,17.14,Good,Loamy,5,Low
Jigawa,230.8,9.61,46.3,13.88,Poor,Clay,0,High
Kwara,444.3,6.06,360.7,17.11,Poor,Loamy,4,Low
Lagos,50.1,4.97,217.2,13.14,Good,Clay,2,Low
Kogi,295.6,3.38,288.1,17.35,Poor,Sandy,1,Low
Lagos,296.6,9.54,91.7,1.19,Good,Clay,2,Medium
Kogi,233.0,9.76,68.2,9.27,Poor,Sandy,0,Low
Anambra,208.8,7.45,334.3,5.35,Poor,Loamy,1,Low
Lagos,232.2,11.55,144.7,2.57,Poor,Clay,1,High
Rivers,216.0,4.84,183.1,5.93,Poor,Loamy,4,Low
Rivers,342.2,3.81,13.1,4.86,Fair,Loamy,2,High
Benue,104.1,8.61,155.6,24.33,Fair,Sandy,0,Low
Jigawa,129.1,9.46,308.6,7.23,Fair,Loamy,5,High
Kogi,122.2,3.86,328.9,5.85,Good,Clay,5,Medium
Kogi,155.0,2.3,280.1,20.89,Good,Loamy,1,Low
Jigawa,260.1,10.01,277.5,10.54,Good,Sandy,4,Low
Niger,94.5,11.75,203.5,10.59,Good,Sandy,5,Low
Benue,397.3,8.27,216.3,11.15,Fair,Loamy,1,Low
Niger,168.9,4.42,297.6,10.47,Good,Sandy,2,Low
Niger,115.0,11.97,100.4,8.23,Good,Loamy,5,Medium
Niger,320.2,10.88,94.1,7.23,Good,Sandy,3,Medium
Jigawa,65.2,6.89,380.1,22.06,Poor,Loamy,0,Low
Niger,298.0,10.17,13.0,4.13,Good,Loamy,3,High
Rivers,329.3,10.07,57.5,4.61,Poor,Clay,2,High
Bayelsa,136.0,11.32,229.0,14.34,Good,Clay,3,Low
Anambra,66.8,10.33,295.7,8.66,Good,Loamy,2,Low
Kogi,195.5,8.26,216.1,10.6,Poor,Clay,2,Medium
Kogi,89.4,7.9,143.3,20.18,Good,Clay,4,High
Anambra,96.6,6.41,391.2,22.6,Poor,Sandy,3,Low
Jigawa,151.7,8.08,282.1,19.78,Good,Clay,1,Low
Lagos,168.2,9.85,332.9,5.95,Good,Sandy,2,Low
Jigawa,262.0,11.67,18.0,24.5,Poor,Clay,3,High
Kogi,321.4,6.41,95.9,9.14,Fair,Clay,1,Low
Kogi,287.1,7.52,150.9,4.31,Poor,Loamy,0,Medium
Anambra,109.3,6.17,74.7,12.54,Fair,Clay,1,Medium
Niger,118.8,8.52,31.0,18.16,Poor,Loamy,3,Medium
Jigawa,401.5,8.11,91.6,2.17,Fair,Loamy,3,Medium
Kwara,273.3,1.69,214.4,15.89,Good,Loamy,1,Low
Anambra,398.0,7.18,278.9,21.47,Fair,Loamy,1,Low
Rivers,198.6,2.43,310.1,6.62,Good,Clay,5,Low
Kogi,295.8,1.78,19.1,17.36,Poor,Loamy,2,High
Anambra,259.5,9.81,172.3,10.06,Fair,Clay,3,Low
Jigawa,177.6,4.22,50.6,10.41,Good,Clay,2,Low
Kogi,238.0,5.08,173.6,7.09,Poor,Sandy,2,Low
Lagos,251.0,2.17,174.7,15.65,Fair,Sandy,0,Low
Anambra,130.3,3.38,200.3,9.09,Good,Sandy,3,Low
Benue,176.0,9.54,357.3,20.79,Fair,Loamy,2,Low
Kogi,366.6,6.68,322.4,24.08,Fair,Clay,0,Low
Jigawa,416.3,10.75,255.4,23.38,Good,Clay,5,Low
Bayelsa,193.9,5.67,354.4,4.16,Good,Loamy,2,Low
Kwara,172.8,4.32,272.0,0.45,Poor,Sandy,2,Low
Delta,128.1,5.15,327.9,11.02,Good,Sandy,5,Low
Niger,321.4,8.98,226.4,18.25,Good,Clay,3,Low
Delta,179.2,7.33,211.0,24.44,Fair,Clay,1,Low
Jigawa,445.1,10.99,290.2,19.61,Good,Clay,5,Low
Rivers,180.3,7.82,9.8,14.56,Fair,Sandy,1,Medium
Rivers,207.7,6.68,276.8,0.76,Fair,Clay,3,Medium
Bayelsa,291.3,9.75,373.9,20.66,Good,Sandy,1,Low
Niger,370.7,11.45,286.1,4.51,Good,Sandy,4,Low
Benue,237.8,5.24,16.6,1.48,Good,Sandy,1,Low
Bayelsa,219.1,4.12,152.4,21.27,Good,Loamy,5,Low
Delta,448.3,7.97,324.2,14.2,Poor,Loamy,2,Medium
Bayelsa,54.2,6.74,383.5,3.3,Fair,Clay,2,Low
Delta,408.0,11.89,149.3,9.72,Poor,Sandy,0,Medium
Kogi,109.7,6.35,336.8,2.23,Poor,Clay,5,Medium
Rivers,364.4,2.28,345.8,15.99,Fair,Sandy,3,Low
Kogi,297.2,11.76,51.1,7.13,Poor,Clay,0,Medium
Kwara,186.7,10.36,338.6,21.67,Good,Clay,2,Low
Niger,399.5,3.37,131.1,9.01,Good,Loamy,2,Low
Benue,55.2,11.0,238.1,12.42,Good,Loamy,0,Low
Delta,140.7,5.08,216.5,1.68,Good,Loamy,5,Low
Benue,276.8,5.46,265.9,6.96,Fair,Loamy,4,Low
Delta,190.6,11.02,296.7,16.95,Good,Sandy,1,Low
Jigawa,294.2,7.07,177.5,18.43,Fair,Clay,4,Medium
Bayelsa,59.6,2.95,355.5,6.15,Fair,Clay,4,Medium
Kwara,96.6,5.38,324.2,12.65,Fair,Sandy,4,Low
Rivers,100.8,9.08,314.6,20.46,Fair,Sandy,5,Low
Delta,125.7,3.33,184.4,9.56,Poor,Clay,4,Medium
Benue,233.7,7.7,17.0,3.43,Poor,Loamy,1,Medium
Kwara,350.9,8.8,197.9,10.85,Good,Loamy,3,Low
Lagos,412.2,5.11,359.6,15.06,Fair,Loamy,0,Low
Lagos,384.1,8.79,77.8,0.28,Good,Sandy,4,Medium
Kogi,128.8,10.78,393.1,8.78,Good,Clay,4,Low
Rivers,226.5,6.46,323.5,15.23,Good,Sandy,0,Low
Jigawa,129.8,5.52,284.5,23.8,Good,Clay,0,Low
Benue,155.8,4.14,271.5,10.27,Fair,Loamy,3,Low
Bayelsa,251.4,7.84,235.6,4.16,Fair,Loamy,2,Low
Bayelsa,77.2,10.74,288.8,13.4,Poor,Loamy,3,Low
Benue,137.3,4.91,169.9,7.22,Fair,Clay,2,Low
Niger,424.2,5.66,338.4,5.45,Fair,Loamy,5,Low
Jigawa,236.4,5.77,279.1,14.8,Good,Clay,1,Low
Kwara,228.2,7.39,309.0,22.91,Fair,Sandy,3,Low
Delta,55.8,3.9,317.4,20.9,Good,Loamy,1,Low
Niger,149.0,10.13,38.6,4.64,Fair,Sandy,0,Low
Delta,396.5,4.6,24.1,19.17,Poor,Sandy,3,Low
Delta,115.9,8.91,320.8,5.82,Good,Clay,5,Medium
Niger,216.0,6.89,105.2,7.34,Fair,Sandy,0,Low
Kogi,55.7,7.65,233.6,23.01,Fair,Clay,5,Medium
Lagos,241.3,3.39,178.6,22.79,Good,Clay,5,Low
Delta,58.4,9.22,10.8,4.3,Poor,Sandy,4,High
Niger,377.8,3.48,18.0,1.7,Poor,Clay,0,High
Niger,379.9,2.69,331.2,7.4,Fair,Clay,5,Medium
Anambra,365.1,7.24,243.9,14.59,Fair,Clay,4,Low
Kogi,163.3,8.95,210.5,21.93,Fair,Sandy,2,Low
Rivers,384.9,2.03,377.9,3.06,Good,Clay,4,Low
Anambra,267.2,2.23,70.9,10.43,Good,Loamy,2,Low
Anambra,199.5,9.93,104.7,6.87,Good,Sandy,4,Medium
Benue,300.1,9.99,303.2,0.47,Fair,Sandy,4,Low
Lagos,54.9,4.08,310.5,19.73,Poor,Clay,1,Low
Niger,107.2,7.96,163.1,20.35,Good,Sandy,1,Low
Lagos,346.9,6.15,380.5,5.61,Poor,Loamy,0,Low
Jigawa,147.7,8.14,375.4,3.87,Fair,Sandy,5,Low
Benue,289.2,10.56,6.9,3.7,Good,Sandy,1,Medium
Rivers,204.0,2.34,70.6,11.65,Good,Sandy,2,Low
Lagos,391.9,9.67,328.4,6.24,Good,Clay,1,Low
Bayelsa,431.0,6.68,135.4,12.83,Fair,Loamy,0,Medium
Delta,403.4,7.42,40.0,9.68,Fair,Loamy,3,Low
Jigawa,158.2,8.37,314.4,5.35,Fair,Loamy,2,Low
Kogi,127.7,11.19,182.9,18.8,Poor,Sandy,3,Medium
Rivers,239.8,2.1,198.0,3.84,Poor,Loamy,2,Low
Jigawa,52.9,1.81,76.2,19.99,Good,Clay,5,Medium
Delta,60.3,3.37,265.0,14.08,Good,Sandy,5,Low
Benue,271.3,11.86,221.4,20.82,Fair,Clay,5,Medium
Delta,258.2,9.01,84.3,0.22,Fair,Sandy,0,High
Anambra,447.8,7.95,137.5,18.75,Fair,Clay,1,Medium
Delta,130.7,1.99,239.6,1.38,Good,Sandy,3,Low
Anambra,153.2,10.73,370.1,23.76,Fair,Clay,3,Low
Benue,95.4,10.03,368.3,17.6,Poor,Loamy,1,Low
Kwara,417.0,8.48,116.6,8.07,Poor,Sandy,0,Medium
Anambra,361.1,5.06,294.8,8.06,Good,Sandy,1,Low
Kogi,378.9,2.24,310.7,21.55,Good,Clay,4,Low
Delta,411.1,7.59,323.9,22.58,Poor,Clay,4,High
Delta,260.0,9.06,229.2,22.3,Fair,Clay,5,Medium
Kogi,230.5,2.49,6.2,20.24,Good,Sandy,4,Medium
Bayelsa,182.2,8.15,305.1,20.49,Good,Clay,3,Low
Niger,285.7,4.51,44.4,14.36,Good,Loamy,5,Medium
Kwara,231.7,9.52,48.5,0.8,Poor,Clay,3,High
Rivers,230.6,7.17,243.0,2.26,Good,Clay,0,Low
Anambra,424.8,2.85,393.4,16.27,Poor,Clay,2,Low
Kogi,443.6,7.03,98.5,10.09,Poor,Loamy,1,Low
Benue,368.6,5.66,259.0,14.23,Fair,Clay,2,Low
Anambra,352.7,3.39,122.9,5.85,Fair,Clay,3,Medium
Niger,322.2,10.34,359.7,16.27,Fair,Sandy,1,Low
Benue,116.4,1.62,238.2,6.15,Good,Sandy,3,Low
Jigawa,73.6,4.78,84.6,11.57,Poor,Clay,0,Medium
Delta,326.3,1.63,106.3,12.02,Good,Sandy,5,Low
Jigawa,341.5,2.51,174.1,4.52,Poor,Clay,1,Low
Anambra,68.8,4.62,50.6,21.92,Good,Clay,3,Low
Niger,421.2,2.07,33.3,13.19,Poor,Loamy,4,Medium
Kwara,86.5,7.76,272.7,21.68,Fair,Clay,4,High
Anambra,164.4,2.41,164.1,6.64,Fair,Sandy,3,Low
Kogi,319.0,8.87,291.0,4.39,Good,Sandy,2,Low
Lagos,117.9,2.05,45.8,0.55,Poor,Sandy,5,Medium
Anambra,72.2,2.12,244.7,2.44,Fair,Sandy,0,Low
Delta,182.5,4.71,178.4,3.77,Poor,Clay,0,Low
Delta,356.4,10.91,25.1,2.06,Good,Loamy,3,Medium
Anambra,215.5,8.23,218.8,22.43,Fair,Loamy,0,Low
Benue,311.2,9.59,35.0,22.79,Good,Clay,1,Medium
Lagos,281.8,2.99,331.4,23.44,Good,Sandy,0,Low
Kogi,58.9,10.26,253.5,24.0,Poor,Loamy,4,Medium
Anambra,445.4,1.59,223.7,12.35,Good,Loamy,3,Low
Benue,66.6,3.74,55.1,13.3,Good,Clay,1,Medium
Delta,437.1,7.97,116.4,3.36,Poor,Sandy,0,Medium
Delta,269.9,5.44,198.2,3.51,Poor,Loamy,4,Low
Niger,435.3,11.83,254.0,19.34,Good,Clay,5,Medium
Anambra,95.9,1.82,74.9,21.41,Fair,Loamy,2,Low
Lagos,246.2,11.99,5.5,19.64,Fair,Loamy,0,Medium
Bayelsa,117.8,8.05,139.2,20.88,Poor,Sandy,4,Medium
Lagos,70.4,7.37,194.2,6.99,Good,Sandy,5,Low
Delta,297.0,2.12,75.4,11.71,Fair,Loamy,5,Medium
Delta,133.1,4.37,197.9,11.53,Poor,Sandy,4,Low
Jigawa,285.1,11.21,136.7,24.88,Poor,Loamy,4,High
Delta,94.9,5.22,183.1,23.73,Poor,Loamy,4,Medium
Kogi,182.8,8.45,140.3,15.0,Good,Loamy,2,Medium
Rivers,362.7,11.99,252.1,3.54,Poor,Clay,3,High
Anambra,224.8,4.26,19.1,6.54,Fair,Sandy,4,Medium
Lagos,301.1,7.55,70.0,9.16,Good,Sandy,3,Low
Rivers,309.0,8.81,174.2,21.84,Fair,Loamy,5,Medium
Benue,387.5,3.23,143.8,4.35,Fair,Sandy,2,Low
Bayelsa,180.0,3.06,157.9,5.57,Fair,Loamy,5,Low
Kogi,324.9,6.29,321.9,8.8,Good,Sandy,2,Low
Lagos,434.6,5.55,354.8,23.18,Fair,Sandy,5,Low
Rivers,342.1,9.0,101.0,12.64,Poor,Loamy,1,High
Bayelsa,245.9,2.23,334.9,16.21,Poor,Sandy,1,Low
Jigawa,302.3,11.71,184.6,9.74,Fair,Loamy,4,Medium
Kogi,345.9,1.65,111.0,4.79,Poor,Clay,3,Medium
Kogi,294.9,7.81,394.2,5.65,Good,Loamy,5,Low
Jigawa,56.7,7.41,330.3,20.09,Good,Sandy,2,Low
Anambra,127.9,2.91,397.7,22.35,Poor,Clay,0,Low
Jigawa,374.2,3.08,68.9,12.38,Poor,Clay,1,Medium
Kogi,159.1,9.82,59.2,8.99,Good,Loamy,1,Medium
Kogi,342.6,10.82,202.3,20.22,Fair,Clay,5,High
Rivers,198.8,4.47,256.2,16.86,Good,Loamy,0,Low
Delta,258.8,6.1,70.1,1.12,Fair,Sandy,3,Medium
Bayelsa,77.2,5.23,344.5,8.83,Poor,Loamy,3,Low
Jigawa,122.5,2.26,213.7,17.09,Poor,Clay,3,Low
Bayelsa,432.9,8.57,165.6,14.38,Fair,Loamy,4,Low
Jigawa,406.1,10.16,241.6,24.45,Fair,Loamy,4,Low
Benue,310.9,4.7,254.7,21.67,Good,Sandy,5,Low
Kogi,233.9,11.9,19.0,1.59,Fair,Loamy,0,Medium
Delta,320.3,2.3,400.0,18.17,Poor,Sandy,5,Low
Rivers,297.4,8.45,146.8,8.47,Poor,Clay,2,High
Delta,277.4,6.21,26.5,17.08,Poor,Clay,0,Low
Delta,73.7,6.19,341.2,15.47,Fair,Loamy,2,Low
Delta,303.1,6.31,397.2,12.63,Fair,Loamy,0,Low
Bayelsa,357.6,4.22,326.9,21.34,Poor,Clay,4,Low
Jigawa,447.6,9.01,341.0,17.75,Fair,Clay,3,Low
Kwara,54.4,9.08,251.1,22.25,Good,Clay,1,Low
Benue,342.1,4.47,369.1,7.11,Good,Loamy,0,Low
Lagos,278.7,10.27,16.2,8.77,Fair,Clay,0,High
Delta,223.6,4.83,307.2,15.59,Fair,Loamy,1,Low
Anambra,101.0,9.11,268.9,24.16,Poor,Clay,0,Low
Bayelsa,213.6,2.77,21.7,9.35,Fair,Clay,3,Medium
Rivers,191.8,3.27,218.5,0.9,Poor,Loamy,5,Medium
Lagos,171.1,4.82,207.0,11.2,Good,Sandy,1,Low
Kwara,342.4,7.74,277.2,13.64,Fair,Loamy,1,Low
Anambra,330.3,8.28,32.9,20.04,Good,Sandy,3,Low
Kwara,285.6,5.66,322.5,18.24,Fair,Loamy,3,Low
Lagos,425.5,2.32,57.5,24.12,Fair,Sandy,1,Low
Delta,189.9,5.42,168.6,19.59,Poor,Sandy,3,Low
Anambra,147.5,8.73,352.8,7.54,Poor,Sandy,5,Medium
Kwara,312.4,8.55,225.1,16.07,Fair,Loamy,3,Low
Rivers,129.5,3.18,153.1,16.84,Fair,Loamy,5,Low
Jigawa,176.0,1.58,21.2,24.95,Poor,Loamy,3,Medium
Kogi,139.8,9.41,269.6,3.55,Good,Sandy,1,Low
Jigawa,77.7,2.62,394.6,4.86,Fair,Sandy,0,Low
Lagos,381.0,2.36,364.9,3.97,Poor,Loamy,2,Low
Bayelsa,151.8,1.53,287.5,14.77,Fair,Loamy,1,Low
Kogi,239.2,6.04,43.9,3.47,Poor,Clay,2,High
Benue,67.3,6.78,97.3,16.43,Good,Clay,3,Low
Rivers,329.7,8.2,76.4,20.11,Fair,Clay,3,High
Benue,182.2,4.61,143.5,10.88,Fair,Clay,0,Low
Anambra,347.9,8.96,95.7,14.06,Good,Clay,3,Medium
Kogi,215.0,3.28,99.3,22.83,Fair,Loamy,2,Low
Benue,128.3,10.24,247.5,14.28,Fair,Sandy,1,Low
Benue,255.3,7.5,128.8,5.29,Fair,Sandy,1,Low
Kwara,102.2,7.63,271.5,8.65,Poor,Loamy,5,High
Jigawa,226.2,3.7,379.3,13.29,Poor,Loamy,0,Low
Kwara,176.9,2.28,256.1,3.96,Fair,Loamy,2,Low
Kogi,414.8,6.38,301.2,15.35,Good,Clay,3,Low
Kogi,74.4,7.96,301.1,24.98,Good,Clay,4,Low
Lagos,327.6,2.5,133.6,16.35,Fair,Clay,0,Low
Kwara,123.1,11.48,8.0,9.37,Poor,Loamy,0,Medium
Niger,177.6,11.79,23.9,8.36,Poor,Loamy,4,High
Jigawa,216.2,7.23,114.3,23.3,Fair,Sandy,1,Low
Kogi,413.2,11.48,276.4,21.8,Poor,Loamy,5,Medium
Lagos,147.0,3.38,362.9,11.86,Poor,Clay,1,Medium
Kwara,86.5,1.77,383.6,8.9,Good,Sandy,1,Low
Jigawa,177.5,1.91,12.3,17.79,Fair,Loamy,4,Medium
Kwara,91.9,7.67,396.1,7.93,Poor,Sandy,3,Low
Benue,101.4,2.15,130.4,3.07,Poor,Sandy,3,Low
Lagos,279.5,11.56,337.5,7.82,Poor,Loamy,5,Medium
Jigawa,74.4,2.99,73.8,10.91,Fair,Clay,5,High
Delta,62.4,4.7,27.0,6.46,Fair,Clay,2,Low
Anambra,335.8,10.14,152.6,5.5,Poor,Sandy,2,Low
Anambra,194.7,3.8,343.9,0.25,Good,Loamy,1,Low
Jigawa,100.2,4.05,89.9,15.81,Good,Loamy,4,Medium
Kwara,151.4,8.24,63.3,15.4,Fair,Clay,5,High
Lagos,306.8,4.4,364.1,4.78,Good,Loamy,0,Low
Anambra,160.2,3.78,375.5,23.6,Poor,Loamy,3,Low
Lagos,247.8,4.17,7.0,10.3,Fair,Sandy,4,Low
Anambra,98.7,6.65,291.5,0.73,Fair,Loamy,5,Low
Benue,285.2,11.64,125.1,5.57,Good,Loamy,2,Low
Kwara,176.4,10.24,151.1,17.33,Fair,Loamy,5,Low
Benue,300.8,4.49,188.7,5.12,Good,Clay,3,Low
Anambra,373.4,5.32,171.9,1.44,Good,Clay,5,Medium
Delta,294.7,6.38,207.0,15.48,Poor,Sandy,3,Low
Delta,168.3,11.78,233.8,13.01,Good,Clay,4,Low
Benue,152.3,3.31,187.3,19.06,Good,Clay,5,Low
Delta,181.0,5.25,281.2,19.34,Fair,Clay,5,Low
Anambra,115.8,9.16,288.0,24.0,Poor,Clay,2,Medium
Jigawa,122.5,11.62,177.3,1.52,Poor,Sandy,4,Medium
Benue,366.3,3.13,58.7,1.07,Good,Loamy,0,Low
Bayelsa,203.9,3.89,257.0,24.68,Fair,Loamy,3,Low
Kwara,224.4,3.87,309.6,16.16,Fair,Loamy,4,Low
Delta,287.6,1.72,256.0,17.91,Fair,Sandy,4,Low
Delta,285.9,7.84,236.0,2.5,Poor,Clay,0,Medium
Kogi,77.0,8.54,93.3,1.84,Poor,Sandy,4,High
Niger,382.6,7.83,258.8,4.09,Good,Sandy,3,Low
Benue,120.9,2.25,135.3,10.74,Good,Sandy,1,Low
Rivers,339.2,2.23,368.0,2.84,Fair,Loamy,1,Low
Delta,359.1,3.71,262.2,11.21,Good,Clay,2,Low
Kwara,336.0,4.55,112.7,14.08,Fair,Loamy,0,Low
Bayelsa,281.6,9.76,190.2,0.11,Poor,Sandy,2,Medium
Delta,55.8,3.17,338.9,2.94,Good,Sandy,1,Low
Bayelsa,194.2,1.96,135.5,9.44,Fair,Loamy,0,Low
Anambra,291.9,5.64,211.1,1.43,Poor,Loamy,4,Medium
Anambra,205.0,5.87,272.5,3.42,Fair,Loamy,4,Low
Niger,395.4,6.23,302.3,5.87,Good,Clay,3,Low
Jigawa,173.5,10.18,71.2,10.8,Fair,Loamy,5,High
Rivers,167.4,2.53,226.9,17.9,Poor,Clay,1,Medium
Kogi,156.4,8.89,365.1,3.4,Good,Clay,4,Medium
Niger,183.1,5.05,387.4,18.48,Poor,Loamy,0,Low
Lagos,273.0,4.75,263.1,21.39,Good,Sandy,5,Low
Kogi,332.8,11.29,393.5,16.32,Fair,Sandy,5,Low
Benue,315.0,4.11,229.2,1.19,Poor,Clay,4,High
Kwara,373.1,8.25,178.2,11.07,Poor,Clay,2,Medium
Lagos,404.4,4.39,221.5,16.54,Fair,Clay,2,Low
Lagos,376.4,6.83,48.1,24.46,Poor,Sandy,2,Low
Niger,57.6,9.76,161.9,23.8,Poor,Clay,5,High
Jigawa,344.4,10.76,184.4,9.95,Poor,Clay,2,Medium
Niger,133.4,10.31,339.8,15.44,Poor,Sandy,2,Medium
Benue,103.2,7.61,303.9,22.28,Fair,Loamy,5,Low
Delta,305.4,4.11,241.4,20.79,Poor,Sandy,3,Low
Delta,177.9,8.44,140.2,12.04,Poor,Loamy,2,Medium
Jigawa,72.8,8.95,76.4,6.6,Poor,Loamy,3,High
Benue,105.1,1.61,140.4,3.51,Good,Clay,3,Medium
Jigawa,50.4,6.11,272.6,12.25,Good,Clay,4,Low
Bayelsa,411.3,10.35,106.7,18.1,Fair,Loamy,5,Medium
Delta,59.8,6.64,171.9,24.25,Fair,Clay,0,Low
Lagos,133.8,4.77,155.9,21.56,Fair,Loamy,2,Low
Rivers,216.5,10.65,306.7,5.19,Poor,Clay,0,Medium
Kwara,192.6,3.14,353.7,18.02,Good,Sandy,1,Low
Benue,414.7,3.67,280.3,7.3,Good,Loamy,3,Low
Kogi,66.1,8.72,138.0,17.12,Fair,Loamy,1,Medium
Jigawa,254.9,5.2,174.4,16.68,Good,Clay,3,Low
Kwara,322.2,8.99,59.1,6.88,Fair,Sandy,2,Medium
Kogi,422.7,3.16,68.9,5.94,Poor,Clay,1,Medium
Kwara,298.1,4.15,67.4,2.69,Good,Sandy,5,Low
Rivers,371.5,3.14,54.0,1.36,Poor,Clay,4,High
Kogi,83.5,11.51,73.5,21.48,Poor,Loamy,1,Medium
Niger,204.4,5.76,82.7,1.34,Good,Sandy,3,Low
Anambra,199.6,5.04,46.5,2.31,Fair,Sandy,5,Medium
Niger,404.5,1.65,256.8,6.05,Good,Clay,3,Low
Delta,110.5,3.11,396.2,22.2,Poor,Sandy,0,Low
Anambra,110.8,5.92,351.9,8.39,Fair,Clay,1,Low
Niger,181.4,2.22,20.1,4.88,Poor,Sandy,4,Medium
Anambra,71.8,6.86,170.4,17.92,Fair,Clay,2,Low
Anambra,123.0,6.28,344.0,8.04,Good,Clay,0,Low
Lagos,436.1,9.56,55.6,8.4,Poor,Clay,1,High
Jigawa,221.3,8.43,339.4,18.5,Fair,Loamy,0,Low
Jigawa,302.8,6.18,237.9,6.37,Fair,Sandy,1,Low
Lagos,340.4,3.86,372.7,22.43,Good,Loamy,2,Low
Kwara,196.8,9.13,350.7,14.08,Fair,Loamy,2,Low
Bayelsa,108.9,8.93,271.5,13.49,Fair,Loamy,4,Medium
Kwara,132.6,3.11,263.8,6.69,Poor,Loamy,0,Low
Kogi,175.3,11.1,86.8,20.89,Good,Sandy,4,Medium
Kogi,304.4,2.18,48.5,14.36,Good,Sandy,1,Low
Anambra,209.3,2.08,167.3,3.97,Poor,Loamy,2,Low
Niger,52.7,3.47,76.3,5.24,Poor,Sandy,2,Medium
Niger,259.4,11.05,42.8,11.76,Poor,Sandy,3,Medium
Jigawa,418.6,6.96,122.3,19.51,Fair,Clay,3,Medium
Benue,374.8,9.77,344.5,23.49,Good,Sandy,4,Low
Kwara,380.1,3.89,8.8,16.62,Good,Loamy,0,Low
Delta,368.0,6.65,118.5,12.7,Good,Sandy,1,Low
Rivers,179.5,5.26,170.8,6.34,Fair,Loamy,4,Low
Niger,356.1,10.19,205.2,16.85,Good,Sandy,2,Low
Rivers,107.3,1.74,74.3,24.56,Good,Loamy,2,Low
Anambra,313.1,4.06,385.8,11.96,Good,Sandy,2,Low
Rivers,306.6,3.1,232.4,4.14,Good,Sandy,1,Low
Delta,60.2,10.52,209.8,2.67,Poor,Sandy,4,Medium
Lagos,365.2,6.41,5.5,6.8,Fair,Loamy,1,High
Delta,411.3,5.74,195.3,14.28,Good,Clay,5,Low
Rivers,157.0,6.22,335.4,23.68,Good,Loamy,2,Low
Delta,375.0,11.71,89.4,7.55,Good,Sandy,3,Low
Bayelsa,83.0,10.43,141.8,7.7,Good,Loamy,4,High
Anambra,290.0,8.92,10.2,12.08,Good,Sandy,3,High
Kwara,244.3,4.55,390.8,22.97,Poor,Sandy,4,Low
Lagos,268.4,3.23,28.5,10.53,Poor,Clay,2,Medium
Niger,420.5,11.18,359.5,5.66,Fair,Sandy,3,Low
Kogi,398.5,5.94,126.6,4.16,Fair,Sandy,3,Low
Kwara,364.0,4.43,235.8,11.48,Good,Sandy,4,Low
Kogi,159.5,6.44,272.4,20.04,Good,Clay,5,Low
Anambra,414.7,11.14,58.1,7.35,Poor,Loamy,5,High
Lagos,89.0,5.56,178.6,12.86,Fair,Clay,3,Low
Jigawa,391.3,7.41,131.5,15.11,Good,Loamy,3,Low
Niger,181.3,9.93,24.5,11.32,Good,Sandy,2,Low
Bayelsa,71.5,5.98,333.6,4.87,Good,Loamy,4,Low
Jigawa,317.7,3.95,20.0,23.05,Fair,Loamy,4,Medium
Anambra,142.5,11.94,262.0,14.18,Poor,Loamy,0,Low
Kwara,147.4,11.54,127.0,18.26,Poor,Loamy,4,High
Bayelsa,172.4,10.36,78.5,15.94,Good,Sandy,2,Low
Delta,75.5,8.73,267.5,24.95,Good,Clay,3,Low
Rivers,120.9,4.6,230.7,11.46,Good,Loamy,0,Low
Bayelsa,52.1,11.09,127.5,10.68,Good,Sandy,3,Medium
Anambra,228.2,4.39,206.2,9.07,Good,Sandy,4,Low
Benue,83.7,9.91,100.0,9.1,Fair,Sandy,1,Medium
Rivers,323.1,11.14,345.8,6.97,Poor,Sandy,3,Low
Kogi,144.2,7.83,126.9,24.52,Fair,Loamy,5,High
Niger,427.4,9.93,99.6,21.78,Fair,Clay,4,High
Kogi,398.5,9.81,301.2,7.99,Good,Sandy,5,Low
Bayelsa,165.8,3.53,9.0,7.7,Fair,Clay,2,Medium
Kogi,363.3,8.51,108.7,2.68,Poor,Clay,5,High
Anambra,371.3,2.48,151.4,21.94,Good,Clay,4,Low
Delta,444.6,6.83,353.1,9.36,Poor,Sandy,0,Low
Kwara,289.1,3.2,380.3,14.36,Fair,Sandy,5,Low
Niger,82.8,5.87,287.2,22.52,Good,Sandy,1,Low
Kogi,308.7,10.25,198.0,10.26,Poor,Clay,1,Medium
Kogi,300.0,11.87,257.0,20.19,Poor,Sandy,1,Low
Bayelsa,305.3,4.84,166.8,10.81,Good,Sandy,5,Low
Kwara,172.9,7.09,120.9,17.55,Poor,Clay,2,Medium
Jigawa,393.9,6.87,380.4,10.84,Good,Sandy,1,Low
Kogi,433.8,11.52,47.9,9.88,Good,Loamy,3,High
Anambra,137.1,6.53,139.9,24.77,Fair,Loamy,2,Low
Benue,85.3,8.84,359.8,15.35,Poor,Loamy,4,Medium
Niger,127.8,11.18,289.8,9.25,Good,Loamy,0,Low
Kogi,378.2,5.42,13.6,6.52,Fair,Clay,2,High
Anambra,320.7,10.97,11.2,1.09,Fair,Sandy,0,High
Anambra,304.4,11.13,207.6,17.69,Good,Loamy,2,Low
Niger,210.7,11.27,194.7,9.37,Good,Loamy,4,Medium
Jigawa,281.1,4.34,178.3,20.55,Poor,Sandy,0,Low
Anambra,173.1,5.7,122.3,9.16,Poor,Clay,2,High
Benue,240.9,10.64,394.7,9.4,Poor,Loamy,0,Medium
Anambra,367.2,5.27,110.3,19.5,Good,Sandy,1,Low
Anambra,442.5,7.8,197.0,12.29,Fair,Sandy,1,Low
Anambra,423.0,2.74,163.1,22.13,Fair,Loamy,5,Low
Delta,423.5,2.09,69.8,14.79,Good,Loamy,1,Low
Delta,210.9,5.83,82.6,6.09,Poor,Sandy,3,Low
Jigawa,237.5,7.58,367.5,14.25,Fair,Sandy,1,Low
Kogi,332.3,5.62,343.6,0.2,Fair,Loamy,1,Low
Anambra,418.9,7.57,81.2,7.88,Poor,Loamy,4,High
Kwara,106.8,6.91,350.5,5.28,Fair,Loamy,0,Low
Kogi,171.7,8.7,85.3,16.39,Poor,Loamy,0,Medium
Jigawa,105.7,8.32,251.4,3.49,Fair,Clay,1,Low
Lagos,294.8,5.95,34.3,7.32,Fair,Sandy,0,Low
Kogi,172.5,5.96,352.4,8.35,Fair,Loamy,2,Low
Kogi,180.4,2.98,22.5,0.18,Poor,Sandy,5,High
Rivers,78.4,6.89,222.9,1.26,Fair,Loamy,1,Low
Bayelsa,189.9,7.67,312.3,7.85,Fair,Clay,5,Medium
Rivers,395.0,6.5,48.5,5.64,Fair,Sandy,1,Low
Benue,143.2,4.92,163.0,3.01,Good,Clay,3,Low
Delta,328.1,9.08,18.7,3.94,Fair,Sandy,5,High
Delta,301.9,2.28,273.7,20.9,Fair,Clay,2,Low
Bayelsa,395.4,11.1,124.4,17.11,Poor,Loamy,1,Medium
Niger,102.9,1.72,224.6,12.15,Poor,Loamy,1,Low
Niger,441.0,11.6,373.2,22.73,Good,Clay,0,Low
Jigawa,283.1,6.35,123.7,0.84,Poor,Loamy,1,Medium
Bayelsa,448.2,5.83,21.4,8.69,Poor,Clay,5,High
Kogi,414.6,4.19,270.9,20.6,Poor,Clay,5,Medium
Niger,138.6,1.61,315.2,15.74,Good,Sandy,1,Low
Anambra,72.5,4.39,383.2,24.54,Good,Clay,1,Low
Kwara,152.3,2.65,64.8,23.62,Fair,Sandy,1,Low
Kogi,261.0,8.43,158.1,4.33,Fair,Clay,3,Medium
Benue,118.6,4.85,338.0,24.3,Poor,Sandy,2,Low
Anambra,117.0,9.56,323.1,23.64,Fair,Sandy,5,Low
Anambra,235.0,3.67,250.7,9.4,Fair,Loamy,3,Low
Bayelsa,63.3,10.95,109.2,24.57,Good,Sandy,0,Low
Jigawa,98.8,6.99,115.0,0.99,Good,Sandy,4,Low
Benue,216.3,2.7,51.4,16.55,Fair,Clay,1,Low
Niger,75.3,5.71,368.9,6.73,Fair,Sandy,5,Low
Bayelsa,208.7,3.67,70.8,3.32,Fair,Loamy,0,Low
Niger,239.6,3.6,230.0,14.48,Poor,Clay,5,Medium
Bayelsa,230.5,6.82,234.6,7.73,Good,Sandy,4,Low
Bayelsa,397.7,8.55,149.1,16.7,Fair,Clay,1,Medium
Bayelsa,262.0,11.07,142.3,13.55,Fair,Clay,5,High
Jigawa,237.2,6.77,268.1,9.88,Poor,Clay,1,Medium
Bayelsa,214.3,11.64,156.5,4.63,Good,Clay,4,Low
Lagos,377.0,11.39,103.5,15.07,Poor,Clay,3,High
Kwara,408.0,10.58,160.9,20.75,Poor,Sandy,4,Medium
Niger,391.3,6.75,323.4,15.04,Fair,Clay,4,Medium
Kogi,319.4,2.98,386.7,15.3,Poor,Clay,5,High
Rivers,104.9,3.79,255.1,12.84,Poor,Loamy,2,Low
Benue,160.7,8.3,313.3,9.77,Fair,Loamy,1,Low
Delta,68.4,5.93,214.1,11.49,Good,Clay,5,Low
Jigawa,422.3,3.04,250.7,24.74,Fair,Sandy,1,Low
Kogi,314.3,6.53,395.3,18.77,Good,Loamy,3,Low
Anambra,348.5,1.68,176.5,10.82,Poor,Loamy,3,Low
Lagos,174.6,9.21,28.4,11.49,Poor,Clay,2,High
Delta,388.3,2.27,382.9,12.54,Fair,Sandy,2,Low
Rivers,153.8,8.11,317.6,16.52,Fair,Sandy,2,Low
Kogi,50.7,9.83,160.5,11.7,Fair,Loamy,3,Medium
Delta,200.6,2.89,393.0,17.19,Poor,Loamy,4,Low
Kogi,278.3,6.95,139.5,8.3,Poor,Loamy,5,Medium
Lagos,241.5,9.68,150.1,10.32,Good,Loamy,1,Low
Rivers,394.8,4.24,244.7,21.61,Fair,Loamy,1,Low
Anambra,92.2,3.21,111.2,8.29,Poor,Clay,5,Medium
Bayelsa,271.5,5.04,280.0,24.11,Good,Clay,0,Low
Niger,255.2,7.32,62.8,4.4,Fair,Clay,3,Medium
Anambra,162.6,7.54,45.0,6.12,Fair,Loamy,3,Medium
Bayelsa,378.9,2.87,214.9,11.65,Good,Clay,2,Low
Jigawa,351.1,6.3,223.1,19.96,Good,Loamy,5,Low
Kwara,343.1,4.32,44.4,18.32,Good,Sandy,0,Low
Benue,400.5,10.34,385.7,4.44,Poor,Sandy,0,Low
Benue,339.1,4.79,230.2,5.99,Fair,Clay,3,Low
Niger,142.7,10.31,62.1,14.42,Fair,Sandy,2,Medium
Rivers,332.2,6.0,126.0,7.45,Good,Sandy,1,Low
Lagos,173.1,9.13,320.5,10.62,Poor,Sandy,2,Low
Rivers,146.9,6.86,210.2,12.22,Good,Clay,1,Low
Lagos,79.2,8.03,76.9,14.9,Poor,Sandy,3,High
Rivers,347.6,5.65,42.9,6.35,Fair,Clay,2,Medium
Kwara,334.4,9.57,173.4,4.16,Fair,Loamy,0,Low
Jigawa,143.8,5.96,136.3,10.02,Poor,Loamy,5,High
Jigawa,349.8,6.3,263.1,2.14,Fair,Clay,4,Low
Bayelsa,417.1,6.94,370.2,13.22,Fair,Clay,0,Low
Delta,93.2,10.23,100.6,21.01,Good,Sandy,5,Medium
Jigawa,143.1,8.42,342.4,3.06,Poor,Loamy,1,Medium
Jigawa,350.1,5.17,368.3,2.91,Fair,Sandy,3,Low
Anambra,159.8,8.54,361.0,2.1,Fair,Loamy,2,Low
Anambra,299.9,8.25,380.9,21.21,Poor,Sandy,3,Medium
Bayelsa,82.5,11.28,337.2,2.11,Fair,Sandy,3,Medium
Delta,230.9,10.33,238.2,24.59,Poor,Loamy,1,Low
Niger,345.6,8.3,165.1,9.02,Poor,Sandy,3,Medium
Anambra,324.6,5.09,197.7,8.29,Good,Loamy,2,Low
Niger,376.0,9.69,349.3,2.38,Poor,Clay,0,Low
Kogi,401.0,7.54,122.0,14.68,Good,Sandy,3,Medium
Anambra,359.3,11.85,65.4,14.69,Fair,Loamy,2,Medium
Kwara,318.6,4.1,58.0,12.4,Poor,Loamy,2,Medium
Delta,62.7,2.34,331.1,7.84,Good,Sandy,1,Low
Bayelsa,264.0,2.23,305.1,9.28,Poor,Loamy,3,Low
Kogi,65.1,8.22,200.1,8.08,Fair,Sandy,1,Low
Delta,373.2,11.36,111.4,10.71,Good,Sandy,0,Low
Kwara,178.3,1.52,271.7,8.61,Good,Clay,0,Low
Delta,275.0,9.12,17.3,16.92,Good,Clay,5,High
Kwara,161.8,8.4,228.2,7.47,Fair,Clay,2,Low
Kwara,363.0,9.19,160.6,8.84,Good,Sandy,3,Low
Niger,404.6,5.23,391.2,10.94,Fair,Sandy,5,Low
Rivers,209.5,10.12,204.0,0.2,Fair,Loamy,2,Low
Kogi,395.2,1.97,221.8,12.35,Poor,Clay,3,Medium
Delta,156.8,9.43,285.5,6.47,Fair,Clay,1,Low
Lagos,263.9,4.3,194.8,1.5,Good,Loamy,0,Low
Kogi,393.5,6.51,91.4,22.78,Good,Clay,5,Medium
Rivers,180.4,10.14,215.8,8.13,Fair,Clay,5,Medium
Kogi,431.6,4.35,377.8,10.71,Fair,Clay,0,Low
Jigawa,98.8,3.44,165.1,20.7,Poor,Loamy,1,Low
Lagos,57.3,8.65,272.5,4.25,Poor,Clay,4,Medium
Rivers,411.7,7.1,391.3,21.27,Good,Sandy,4,Low
Niger,77.5,6.9,332.3,6.12,Fair,Clay,4,Low
Delta,446.8,4.2,264.3,14.77,Good,Sandy,3,Low
Benue,430.6,1.87,294.9,17.17,Fair,Clay,5,Low
Rivers,104.8,5.81,374.7,22.63,Good,Sandy,1,Low
Bayelsa,265.0,2.62,384.0,15.23,Good,Clay,3,Low
Delta,124.0,11.01,387.6,11.39,Good,Sandy,3,Low
Rivers,221.3,1.93,251.0,14.35,Fair,Sandy,1,Low
Jigawa,74.6,6.03,155.1,5.13,Poor,Clay,3,Medium
Benue,139.6,2.05,55.0,17.26,Poor,Loamy,5,High
Jigawa,195.3,2.5,155.4,4.75,Fair,Clay,1,Low
Benue,225.5,8.42,377.3,13.98,Poor,Loamy,4,Medium
Bayelsa,441.0,8.29,356.1,16.23,Good,Loamy,4,Low
Delta,373.1,1.85,210.4,22.47,Fair,Loamy,3,Low
Niger,345.0,1.51,215.7,11.31,Fair,Loamy,0,Low
Jigawa,264.8,2.33,125.0,19.41,Poor,Loamy,1,Medium
Jigawa,386.0,9.51,182.9,4.27,Poor,Loamy,2,Medium
Kwara,185.7,7.64,286.4,3.99,Good,Clay,2,Low
Benue,333.6,1.9,162.2,13.17,Fair,Sandy,3,Low
Anambra,447.5,6.63,76.8,14.95,Poor,Sandy,0,Low
Delta,175.9,8.98,217.3,15.85,Fair,Clay,1,Low
Benue,319.6,10.62,91.7,18.67,Good,Clay,4,High
Kwara,387.7,11.31,389.8,7.44,Good,Clay,3,Medium
Kogi,416.3,4.94,157.4,15.6,Good,Loamy,1,Low
Benue,337.2,2.93,364.0,4.78,Fair,Loamy,1,Low
Niger,163.4,3.99,91.8,5.55,Fair,Sandy,1,Low
Delta,180.5,9.65,77.3,1.78,Fair,Clay,0,High
Kwara,58.3,11.7,247.5,18.7,Fair,Sandy,1,Low
Kogi,354.4,6.4,312.2,12.72,Fair,Sandy,0,Low
Lagos,67.1,4.71,227.6,6.03,Good,Loamy,0,Low
Kwara,395.9,6.01,93.5,13.95,Good,Loamy,5,Low
Lagos,97.5,4.7,17.1,8.92,Good,Sandy,1,Low
Delta,118.8,4.19,248.1,20.95,Poor,Loamy,5,Medium
Jigawa,240.6,7.73,54.2,13.25,Good,Loamy,4,Medium
Kwara,345.2,1.67,138.6,0.84,Fair,Loamy,5,Medium
Bayelsa,105.6,4.23,271.0,24.63,Good,Sandy,5,Low
Lagos,226.0,8.44,41.0,1.95,Poor,Sandy,1,Medium
Niger,243.1,1.84,52.6,17.43,Poor,Sandy,4,Medium
Bayelsa,134.9,2.37,26.5,10.99,Poor,Clay,3,High
Rivers,96.2,4.58,398.4,6.31,Poor,Sandy,2,Low
Rivers,384.6,10.72,156.1,16.94,Poor,Loamy,3,Medium
Kogi,251.0,9.53,362.5,3.23,Fair,Sandy,0,Low
Jigawa,55.8,1.73,118.8,21.47,Good,Clay,3,Low
Delta,371.2,6.77,301.8,6.34,Fair,Loamy,2,Low
Kwara,442.3,4.38,89.2,9.1,Fair,Sandy,2,Low
Anambra,292.4,8.31,200.3,15.85,Poor,Sandy,4,Medium
Niger,251.5,9.08,330.2,0.13,Good,Loamy,3,Low
Lagos,401.4,10.56,326.9,11.87,Good,Sandy,0,Low
Delta,431.0,6.49,318.1,22.37,Good,Clay,5,Medium
Bayelsa,351.8,11.94,329.8,17.04,Poor,Loamy,5,Medium
Rivers,228.2,11.79,86.2,9.76,Fair,Sandy,0,Low
Niger,286.9,10.76,193.9,16.54,Good,Loamy,4,Medium
Anambra,330.4,7.54,195.0,23.42,Fair,Sandy,5,Medium
Kwara,127.7,5.68,356.4,4.78,Good,Sandy,4,Low
Kogi,228.9,5.33,120.2,13.34,Good,Loamy,5,Low
Anambra,381.9,1.63,372.7,5.94,Good,Sandy,5,Low
Niger,311.9,4.12,181.4,21.37,Good,Sandy,3,Low
Anambra,214.5,9.05,268.6,18.05,Poor,Loamy,4,Medium
Niger,315.3,7.84,109.0,20.05,Poor,Sandy,2,Medium
Niger,97.3,11.12,165.3,23.58,Fair,Sandy,0,Low
Benue,210.6,2.03,284.5,5.88,Poor,Loamy,5,Low
Lagos,367.3,3.13,206.1,1.31,Good,Clay,2,Low
Rivers,138.2,9.79,372.4,7.34,Fair,Clay,1,Low
Benue,124.4,5.26,295.4,10.04,Fair,Clay,2,Low
Kwara,430.3,2.74,226.6,15.67,Fair,Clay,0,Low
Benue,134.0,11.96,354.9,19.96,Good,Clay,1,Low
Jigawa,154.4,9.77,266.9,8.81,Good,Clay,3,Low
Jigawa,437.8,5.79,259.6,11.89,Fair,Loamy,1,Low
Rivers,343.9,10.15,100.1,19.66,Poor,Loamy,4,High
Anambra,329.8,8.65,159.2,5.71,Good,Loamy,0,Low
Lagos,391.2,9.79,274.0,5.51,Good,Sandy,4,Low
Rivers,96.3,10.06,356.9,14.77,Poor,Clay,2,Medium
Niger,332.4,2.39,127.6,10.96,Fair,Clay,3,Medium
Bayelsa,251.5,8.04,87.8,23.73,Poor,Loamy,0,Medium
Lagos,381.7,1.57,238.3,8.99,Good,Sandy,3,Low
Lagos,253.3,1.96,28.7,19.01,Fair,Sandy,5,Low
Niger,298.1,10.99,286.4,14.62,Fair,Loamy,0,Low
Niger,241.1,7.04,281.8,1.46,Poor,Clay,4,Medium
Kogi,241.3,9.23,143.3,2.2,Good,Sandy,2,Low
Rivers,357.2,10.3,357.3,5.16,Good,Clay,1,Low
Niger,301.4,11.47,201.9,3.66,Fair,Sandy,3,Low
Jigawa,303.3,10.63,259.0,8.3,Good,Clay,0,Low
Kwara,230.1,6.57,85.4,14.52,Fair,Sandy,0,Low
Bayelsa,262.4,5.03,168.1,15.1,Fair,Clay,5,Low
Rivers,348.3,3.12,345.2,14.74,Fair,Clay,3,Low
Delta,380.4,5.7,86.7,3.03,Good,Clay,1,Low
Jigawa,328.6,5.35,157.4,15.05,Poor,Loamy,2,Low
Anambra,419.6,7.38,128.6,10.3,Fair,Clay,0,Low
Niger,378.1,8.49,62.1,22.59,Poor,Clay,0,Medium
Delta,274.7,11.77,117.3,22.81,Poor,Sandy,3,Medium
Niger,318.6,9.15,94.6,19.23,Poor,Sandy,3,Medium
Lagos,420.5,8.26,369.6,17.61,Poor,Loamy,0,Low
Jigawa,297.7,5.02,296.9,2.96,Poor,Sandy,0,Low
Lagos,379.9,1.86,127.8,2.21,Fair,Clay,5,Medium
Kogi,325.5,4.53,305.8,21.04,Good,Loamy,0,Low
Lagos,270.8,9.57,10.8,10.73,Poor,Loamy,4,High
Kogi,146.7,3.66,211.6,11.34,Good,Loamy,0,Low
Kogi,220.4,8.98,101.6,21.21,Good,Clay,2,Medium
Delta,437.1,7.59,47.5,15.57,Fair,Clay,2,Medium
Niger,313.1,3.3,353.7,4.57,Poor,Sandy,5,Low
Anambra,275.8,4.25,81.3,5.35,Good,Sandy,1,Low
Lagos,423.2,6.71,329.3,0.26,Good,Sandy,3,Low
Jigawa,284.6,5.89,166.5,17.8,Poor,Loamy,1,Low
Kogi,260.4,9.67,7.7,12.19,Fair,Clay,0,High
Niger,353.7,9.21,293.5,23.75,Fair,Sandy,3,Low
Bayelsa,335.1,7.53,239.4,17.88,Poor,Clay,0,Medium
Rivers,127.3,10.13,139.0,2.67,Good,Loamy,3,Low
Delta,238.5,7.41,114.1,4.12,Fair,Clay,5,High
Anambra,239.0,11.63,31.3,12.59,Fair,Clay,4,High
Benue,201.3,3.78,376.7,23.13,Good,Loamy,4,Low
Delta,256.9,9.0,198.6,6.26,Good,Sandy,4,Low
Bayelsa,215.2,5.38,36.0,20.66,Good,Clay,5,Medium
Rivers,129.7,4.43,347.7,7.88,Good,Clay,1,Low
Bayelsa,214.9,3.39,113.0,6.82,Poor,Loamy,3,Medium
Lagos,78.9,7.3,83.0,22.54,Good,Clay,1,Low
Kogi,280.3,3.76,113.8,1.28,Fair,Clay,3,High
Anambra,391.5,3.6,226.7,16.55,Good,Clay,0,Low
Kwara,340.1,11.9,31.5,1.17,Good,Loamy,4,Medium
Kogi,194.2,9.92,193.7,20.04,Poor,Clay,4,High
Kwara,84.8,9.36,358.5,20.75,Poor,Loamy,3,Low
Rivers,130.9,9.84,76.9,22.34,Good,Sandy,1,Low
Niger,268.2,11.67,133.8,4.73,Poor,Clay,1,High
Benue,132.8,7.52,159.7,3.2,Poor,Loamy,2,Medium
Jigawa,267.6,3.81,235.3,12.64,Poor,Loamy,4,Low
Kogi,142.6,10.55,367.9,6.86,Poor,Clay,4,High
Anambra,389.6,9.3,159.0,15.2,Good,Loamy,1,Low
Bayelsa,208.9,5.85,29.5,12.89,Poor,Sandy,4,Medium
Anambra,148.2,6.47,140.5,3.71,Poor,Sandy,1,Low
Rivers,374.9,5.82,77.7,18.51,Fair,Sandy,2,Low
Kwara,187.1,11.26,261.4,20.11,Good,Sandy,3,Low
Bayelsa,94.6,5.11,13.6,24.08,Poor,Loamy,3,Medium
Jigawa,278.2,11.62,118.2,9.95,Fair,Loamy,2,Medium
Jigawa,282.6,11.06,219.0,8.51,Poor,Sandy,4,Medium
Kogi,335.9,8.12,112.4,4.89,Good,Sandy,0,Low
Rivers,146.1,7.59,221.3,4.6,Fair,Sandy,4,Medium
Niger,227.5,5.39,47.7,8.09,Fair,Sandy,1,Low
Rivers,162.9,1.69,377.2,24.55,Good,Sandy,5,Low
Kwara,82.4,2.84,117.8,2.4,Fair,Loamy,0,Low
Anambra,400.6,9.42,369.4,6.56,Fair,Sandy,2,Low
Jigawa,341.5,6.45,131.7,2.24,Poor,Sandy,3,Medium
Anambra,170.6,3.07,313.2,6.91,Fair,Clay,3,Low
Anambra,289.7,4.27,100.0,2.4,Good,Loamy,4,Medium
Anambra,130.5,11.45,268.6,12.76,Poor,Sandy,3,Medium
Jigawa,406.1,5.35,130.8,11.02,Fair,Loamy,4,Medium
Delta,96.0,11.03,204.6,4.43,Poor,Clay,1,Medium
Lagos,51.5,4.7,270.2,4.45,Good,Clay,1,Low
Kwara,250.8,7.2,236.4,15.69,Fair,Sandy,2,Low
Delta,283.3,1.72,231.4,9.74,Good,Sandy,5,Low
Kwara,281.6,6.98,28.1,1.5,Good,Sandy,1,Low
Bayelsa,71.8,8.19,101.1,23.01,Fair,Sandy,4,Low
Rivers,175.6,3.96,229.6,10.18,Fair,Clay,3,Low
Rivers,249.7,7.58,9.3,14.82,Poor,Loamy,1,Medium
Benue,136.6,8.3,101.8,22.15,Good,Sandy,1,Low
Rivers,399.1,8.71,93.2,10.11,Fair,Loamy,4,Medium
Jigawa,84.8,9.65,101.4,20.53,Good,Sandy,1,Low
Niger,245.0,4.77,215.2,22.88,Fair,Sandy,3,Low
Kogi,326.6,7.46,233.6,4.43,Good,Clay,5,Low
Benue,154.7,11.81,363.8,22.32,Poor,Sandy,3,Low
Kogi,299.7,10.93,155.6,3.08,Good,Sandy,5,Low
Kwara,381.8,11.5,370.8,6.95,Fair,Sandy,3,Low
Kogi,126.1,5.55,261.5,20.22,Poor,Clay,3,Low
Kogi,416.9,9.76,365.2,22.53,Poor,Loamy,0,Low
Benue,271.4,8.01,333.7,17.14,Fair,Clay,3,Medium
Bayelsa,169.7,2.37,275.7,2.71,Poor,Sandy,0,Low
Anambra,222.3,10.15,143.7,13.12,Good,Sandy,3,Medium
Rivers,174.9,8.61,98.0,14.36,Good,Sandy,3,Low
Rivers,340.0,3.59,90.5,7.12,Fair,Loamy,4,Medium
Jigawa,368.5,2.34,381.0,24.78,Good,Loamy,5,Low
Benue,383.2,10.29,383.5,8.46,Fair,Sandy,3,Low
Jigawa,444.3,2.33,290.5,5.34,Poor,Sandy,1,Low
Niger,366.5,2.46,353.8,2.84,Good,Loamy,3,Low
Niger,290.6,5.99,367.8,9.52,Fair,Clay,2,Low
Jigawa,185.7,2.92,205.6,17.35,Good,Clay,4,Low
Benue,267.8,11.09,252.4,5.86,Poor,Loamy,4,Medium
Jigawa,66.4,6.44,168.7,19.26,Poor,Loamy,3,Low
Rivers,347.9,7.48,168.6,3.47,Good,Sandy,2,Low
Delta,228.4,11.25,17.3,11.07,Poor,Loamy,5,High
Lagos,58.0,7.07,174.7,17.59,Fair,Loamy,3,Low
Kogi,75.0,5.21,270.0,3.47,Good,Sandy,1,Low
Lagos,205.0,9.87,169.9,14.99,Good,Loamy,4,Low
Benue,283.4,6.15,349.2,19.99,Poor,Sandy,4,Medium
Lagos,235.7,4.84,134.4,14.93,Fair,Clay,5,Medium
Niger,297.7,9.09,54.8,12.84,Good,Clay,2,Medium
Kwara,242.1,9.92,325.0,20.97,Good,Clay,0,Low
Kogi,314.7,9.81,270.2,24.64,Poor,Sandy,5,High
Anambra,137.7,11.77,98.2,4.61,Poor,Clay,2,High
Benue,95.1,9.76,215.5,17.31,Fair,Clay,1,Low
Kogi,288.6,9.58,161.9,2.11,Fair,Sandy,2,Low
Lagos,243.9,10.5,375.7,1.17,Poor,Sandy,5,High
Niger,60.7,1.5,243.7,7.09,Fair,Clay,0,Low
Bayelsa,202.2,5.31,65.0,24.28,Poor,Clay,1,Medium
Delta,92.5,9.24,201.9,13.85,Good,Clay,1,Low
Anambra,262.5,7.8,345.3,6.78,Poor,Loamy,0,Low
Delta,208.3,3.36,269.3,3.4,Poor,Sandy,3,Low
Kogi,295.3,4.69,337.3,23.01,Poor,Sandy,2,Low
Niger,372.2,5.04,101.7,9.12,Good,Sandy,5,Medium
Niger,169.9,7.46,355.6,7.74,Fair,Sandy,1,Low
Lagos,434.8,10.23,302.7,21.46,Fair,Clay,5,Medium
Rivers,264.3,11.29,292.1,15.15,Fair,Sandy,2,Low
Lagos,297.3,9.38,139.9,4.3,Poor,Loamy,0,Medium
Rivers,322.3,10.35,355.3,10.6,Poor,Loamy,4,Medium
Rivers,316.7,6.44,255.9,23.21,Fair,Clay,0,Low
Anambra,254.4,5.59,341.0,22.54,Good,Clay,2,Low
Lagos,221.5,5.62,145.7,1.85,Good,Sandy,1,Low
Bayelsa,71.5,7.97,60.0,6.79,Good,Clay,2,Low
Jigawa,58.8,2.8,134.3,3.95,Good,Clay,4,High
Jigawa,193.2,7.58,183.2,13.39,Poor,Clay,1,Medium
Lagos,183.5,8.48,214.3,18.77,Fair,Loamy,4,Medium
Lagos,205.1,6.11,205.3,7.46,Good,Sandy,3,Low
Delta,105.3,11.51,219.3,18.97,Poor,Clay,5,High
Anambra,345.3,7.89,337.0,16.75,Poor,Sandy,0,Low
Lagos,392.8,3.81,69.7,18.23,Poor,Sandy,3,Low
Delta,425.5,6.53,127.8,23.71,Fair,Sandy,2,Low
Rivers,246.9,8.59,355.7,10.67,Poor,Loamy,3,Medium
Niger,330.3,4.9,225.1,8.63,Fair,Sandy,0,Low
Niger,392.2,2.34,234.2,17.13,Fair,Sandy,1,Low
Rivers,217.3,7.63,192.3,20.21,Fair,Clay,5,Medium
Benue,173.8,11.45,220.5,4.87,Fair,Clay,4,Low
Delta,424.7,6.59,80.8,21.19,Poor,Loamy,1,Medium
Delta,256.3,11.01,219.7,1.54,Poor,Sandy,5,High
Rivers,248.9,10.27,398.9,0.26,Poor,Loamy,3,Medium
Bayelsa,121.4,3.05,227.3,4.04,Good,Sandy,2,Low
Kwara,93.3,8.94,19.7,24.47,Good,Loamy,3,Medium
Kogi,386.8,6.07,319.0,13.14,Fair,Sandy,0,Low
Rivers,295.7,4.13,159.8,1.26,Fair,Clay,0,Low
Lagos,180.3,8.71,63.2,24.93,Fair,Loamy,2,Medium
Lagos,126.7,9.3,345.3,18.65,Fair,Clay,5,Medium
Anambra,272.2,3.39,80.8,20.97,Fair,Sandy,1,Low
Rivers,283.6,11.1,368.5,5.4,Good,Loamy,0,Low
Anambra,132.8,9.39,177.8,2.73,Fair,Clay,0,Low
Rivers,390.6,11.3,297.6,12.93,Poor,Clay,2,Medium
Delta,83.7,4.83,219.7,19.33,Fair,Clay,1,Low
Kogi,192.4,11.36,104.1,15.98,Poor,Sandy,3,Medium
Delta,322.2,5.37,269.1,15.81,Poor,Loamy,4,Low
Kwara,159.6,2.07,383.2,18.95,Poor,Clay,2,Low
Niger,381.1,9.51,308.3,5.75,Poor,Sandy,1,Low
Jigawa,345.9,8.89,242.4,16.57,Fair,Sandy,4,Low
Rivers,365.6,7.78,396.3,9.86,Fair,Sandy,2,Low
Kwara,97.6,6.64,107.6,1.84,Fair,Loamy,3,Medium
Niger,106.2,1.84,26.8,5.13,Fair,Sandy,3,Low
Benue,164.6,8.06,14.8,19.87,Fair,Sandy,1,Low
Kogi,257.2,5.88,284.9,22.41,Good,Loamy,1,Low
Anambra,349.2,7.38,332.4,7.14,Poor,Loamy,3,Low
Anambra,384.6,6.01,254.8,4.84,Poor,Sandy,3,Medium
Delta,331.7,11.64,362.2,0.77,Good,Sandy,2,Low
Lagos,421.4,7.84,279.8,23.7,Good,Clay,5,Medium
Niger,345.5,9.37,149.6,17.13,Fair,Loamy,5,High
Benue,172.5,11.33,74.1,23.93,Fair,Loamy,1,Low
Kwara,156.0,7.71,370.0,21.61,Poor,Clay,4,High
Kogi,328.5,1.63,43.2,8.58,Fair,Sandy,3,Low
Niger,127.1,1.86,218.1,2.91,Poor,Sandy,4,Medium
Benue,87.1,8.87,127.0,12.53,Fair,Sandy,1,Low
Jigawa,262.9,4.43,110.0,0.77,Fair,Sandy,1,Low
Rivers,378.7,7.58,259.0,3.83,Poor,Clay,0,Medium
Anambra,90.6,3.62,94.0,5.91,Good,Loamy,3,Low
Kwara,366.8,4.34,366.7,16.67,Good,Loamy,5,Low
Anambra,374.6,6.8,163.6,12.8,Fair,Sandy,5,Low
Kwara,242.9,11.74,271.6,7.63,Good,Clay,1,Low
Delta,72.9,7.97,291.6,14.16,Fair,Sandy,1,Low
Lagos,119.8,11.33,273.8,3.22,Good,Sandy,3,Low
Kwara,333.0,11.57,361.6,18.92,Good,Clay,0,Low
Anambra,334.7,3.69,94.0,17.83,Poor,Clay,0,Medium
Delta,409.3,4.77,36.2,5.49,Good,Loamy,0,Low
Kwara,283.1,9.58,24.1,15.2,Fair,Loamy,0,Medium
Jigawa,99.6,10.6,351.4,12.63,Poor,Sandy,2,Medium
Lagos,98.6,6.95,389.4,1.61,Good,Sandy,3,Low
Kwara,338.5,11.93,122.4,7.03,Poor,Loamy,3,High
Delta,123.5,1.62,278.0,24.99,Good,Clay,3,Low
Niger,181.4,4.65,5.5,2.58,Fair,Sandy,5,Low
Bayelsa,244.9,8.04,77.1,12.71,Fair,Sandy,0,Low
Benue,59.9,6.43,276.3,21.25,Poor,Clay,0,Low
Bayelsa,149.5,2.72,28.2,7.59,Good,Sandy,5,Low
Bayelsa,213.2,5.36,188.5,6.59,Good,Clay,5,Low
Kogi,161.9,1.77,265.7,22.28,Poor,Loamy,1,Low
Jigawa,104.5,8.25,306.9,7.69,Poor,Loamy,2,Medium
Niger,341.2,10.87,182.6,16.32,Fair,Loamy,5,Medium
Rivers,375.3,10.79,252.9,18.53,Poor,Loamy,3,Medium
Kwara,153.0,8.85,216.8,19.74,Good,Loamy,2,Low
Benue,359.8,6.39,22.8,24.87,Poor,Sandy,5,Medium
Lagos,204.2,6.88,297.6,20.1,Fair,Loamy,3,Low
Niger,252.7,2.94,70.6,16.46,Poor,Sandy,0,Low
Anambra,392.4,5.08,14.7,22.4,Good,Sandy,0,Medium
Rivers,350.0,3.47,181.6,22.65,Poor,Clay,3,Medium
Kogi,372.0,10.12,346.5,24.33,Poor,Sandy,4,Medium
Kogi,104.7,11.1,62.0,19.43,Poor,Sandy,0,Low
Niger,77.9,7.14,7.1,4.95,Fair,Loamy,1,Low
Delta,407.4,9.14,45.8,17.77,Fair,Loamy,5,Medium
Bayelsa,205.1,2.78,146.7,1.97,Fair,Clay,0,Medium
Anambra,165.2,7.89,232.9,8.02,Fair,Clay,1,Low
Kogi,339.9,8.88,78.8,2.98,Good,Sandy,2,Low
Benue,384.6,6.25,321.2,23.75,Good,Clay,0,Low
Kogi,395.0,4.05,301.8,8.53,Fair,Loamy,5,Low
Lagos,176.4,10.71,279.0,17.86,Fair,Loamy,0,Low
Kwara,390.9,9.3,196.0,14.33,Fair,Loamy,5,Low
Kogi,66.4,10.95,147.4,2.78,Poor,Sandy,2,Medium
Lagos,69.9,10.09,151.5,14.08,Good,Sandy,5,Medium
Niger,299.4,11.9,202.2,16.56,Poor,Clay,1,Medium
Niger,75.2,3.52,32.8,22.05,Fair,Loamy,4,Medium
Rivers,179.8,2.41,273.6,1.85,Good,Sandy,5,Low
Kogi,319.1,5.04,141.9,7.46,Fair,Sandy,5,Medium
Benue,184.9,2.85,91.5,17.34,Poor,Clay,1,Medium
Kogi,121.8,6.99,112.8,0.95,Good,Loamy,3,Medium
Benue,162.5,8.15,73.8,5.17,Poor,Loamy,3,High
Jigawa,233.0,7.57,360.8,5.54,Good,Clay,3,Medium
Rivers,240.2,4.22,69.3,16.77,Fair,Clay,5,Medium
Jigawa,363.2,11.04,353.4,7.22,Good,Clay,2,Low
Kogi,350.1,1.72,229.8,15.03,Poor,Clay,1,Low
Rivers,232.7,5.15,347.2,24.14,Poor,Loamy,5,Medium
Jigawa,388.3,9.05,190.7,19.85,Poor,Loamy,0,Low
Bayelsa,95.7,9.55,371.2,8.39,Poor,Clay,5,High
Kogi,152.1,5.87,86.2,11.86,Fair,Sandy,3,Low
Jigawa,381.2,1.68,222.8,5.1,Poor,Sandy,1,Low
Bayelsa,201.2,7.99,52.1,0.49,Fair,Loamy,0,Medium
Bayelsa,442.5,2.16,180.0,7.31,Good,Loamy,1,Low
Niger,236.5,2.63,228.8,9.3,Poor,Clay,2,Low
Kogi,366.8,8.33,243.1,14.15,Good,Sandy,3,Low
Bayelsa,210.9,4.78,147.5,23.61,Good,Loamy,4,Low
Niger,220.0,5.15,32.4,23.7,Fair,Sandy,5,Low
Jigawa,203.2,6.61,262.8,1.85,Poor,Clay,3,Medium
Lagos,337.6,11.78,196.4,15.4,Fair,Loamy,3,Medium
Kogi,269.0,11.64,56.5,1.15,Poor,Loamy,2,High
Rivers,427.5,5.87,374.5,16.24,Good,Sandy,0,Low
Benue,150.4,4.29,382.4,3.03,Fair,Sandy,3,Low
Benue,90.2,4.68,342.9,23.67,Poor,Loamy,0,Low
Jigawa,207.3,4.32,337.9,21.62,Good,Sandy,0,Low
Delta,296.7,7.09,41.3,0.66,Fair,Sandy,2,Medium
Delta,394.3,7.87,397.4,19.58,Fair,Clay,3,Medium
Jigawa,188.5,6.63,161.4,15.93,Fair,Sandy,5,Low
Bayelsa,311.5,5.78,66.9,12.43,Fair,Loamy,2,Low
Kogi,190.1,3.72,325.2,15.11,Good,Clay,2,Low
Benue,296.9,6.57,91.8,16.99,Good,Loamy,4,Low
Benue,403.9,5.08,211.4,22.12,Good,Clay,5,Low
Bayelsa,142.5,7.19,53.0,19.21,Good,Clay,2,Medium
Benue,211.7,8.59,190.9,14.43,Poor,Sandy,4,Medium
Rivers,447.3,8.15,224.1,20.63,Good,Sandy,0,Low
Kogi,397.4,6.36,179.5,24.67,Fair,Loamy,5,Low
Kwara,275.9,7.34,29.7,7.57,Fair,Sandy,5,Medium
Benue,256.7,4.49,195.0,3.05,Fair,Clay,0,Low
Jigawa,163.8,1.75,188.6,18.31,Fair,Sandy,1,Low
Rivers,256.9,8.06,106.1,24.47,Poor,Loamy,5,High
Benue,389.3,4.15,368.8,3.01,Fair,Clay,1,Low
Rivers,324.1,8.52,168.3,10.85,Fair,Loamy,0,Low
Niger,166.0,9.34,345.9,1.65,Fair,Sandy,3,Medium
Kwara,130.6,11.12,45.6,19.44,Good,Clay,1,Low
Anambra,156.1,11.56,128.9,23.72,Good,Loamy,2,Low
Jigawa,117.9,1.61,72.2,12.52,Poor,Sandy,5,Medium
Jigawa,88.3,11.9,164.5,10.3,Poor,Sandy,1,Low
Kogi,217.7,8.67,46.4,22.7,Poor,Loamy,5,High
Rivers,95.3,8.26,177.5,3.42,Fair,Clay,0,Low
Bayelsa,118.8,1.66,142.8,22.3,Poor,Loamy,3,Medium
Jigawa,268.9,10.54,90.9,9.86,Good,Sandy,0,Low
Rivers,115.8,3.03,257.6,14.03,Good,Loamy,3,Low
Rivers,75.6,10.29,380.5,13.25,Good,Sandy,5,Low
Lagos,177.0,1.66,84.4,15.44,Fair,Clay,1,Medium
Lagos,138.1,8.28,285.3,23.56,Fair,Loamy,2,Low
Anambra,256.1,6.07,297.5,23.78,Poor,Clay,2,Low
Niger,90.9,3.61,200.3,20.8,Poor,Loamy,0,Low
Anambra,350.7,2.63,359.3,4.87,Poor,Sandy,5,Low
Benue,412.5,6.12,386.6,8.4,Poor,Clay,3,Medium
Bayelsa,347.4,2.79,146.2,12.25,Fair,Sandy,1,Low
Benue,263.1,6.61,261.1,22.65,Good,Loamy,3,Low
Delta,394.3,8.06,265.6,13.07,Fair,Sandy,3,Low
Benue,328.0,10.19,162.6,24.44,Poor,Loamy,3,Medium
Kogi,54.2,8.63,128.1,24.6,Fair,Clay,5,High
Benue,207.6,2.18,373.6,15.0,Good,Sandy,1,Low
Anambra,390.4,4.73,316.4,21.95,Fair,Sandy,5,Low
Jigawa,188.3,4.52,47.6,24.98,Good,Loamy,3,Low
Jigawa,64.1,11.11,49.7,21.26,Poor,Loamy,5,High
Lagos,348.5,10.61,369.2,16.46,Fair,Loamy,2,Low
Bayelsa,370.8,5.39,34.4,21.14,Poor,Clay,0,Low
Bayelsa,114.2,2.25,276.0,2.16,Poor,Sandy,4,Low
Kogi,264.9,10.89,92.2,15.91,Good,Loamy,3,Medium
Anambra,126.8,10.83,16.0,5.49,Good,Loamy,2,Medium
Lagos,337.7,10.47,25.7,2.99,Poor,Sandy,5,High
Delta,158.6,10.37,150.7,22.33,Good,Clay,2,Low
Bayelsa,176.5,6.54,32.9,16.03,Good,Sandy,0,Low
Jigawa,388.0,3.36,239.5,6.16,Poor,Loamy,0,Low
Benue,240.5,6.51,259.6,9.73,Poor,Sandy,4,Low
Benue,317.9,6.69,150.6,24.33,Good,Loamy,4,Low
Lagos,210.9,6.64,297.7,21.57,Poor,Loamy,4,Medium
Anambra,169.2,7.16,197.0,0.49,Poor,Sandy,1,Low
Anambra,300.2,4.21,173.2,24.5,Good,Sandy,1,Low
Niger,111.9,5.35,164.0,9.28,Fair,Clay,2,Low
Kwara,199.2,6.06,173.6,17.42,Fair,Loamy,5,Low
Bayelsa,133.6,2.88,387.2,17.85,Poor,Loamy,0,Low
Anambra,328.3,6.28,273.2,22.8,Good,Loamy,3,Low
Jigawa,427.7,10.01,127.5,22.14,Poor,Loamy,0,Medium
Lagos,448.2,10.19,294.1,7.12,Good,Loamy,1,Low
Delta,230.1,5.82,133.4,16.12,Poor,Sandy,2,Low
Niger,151.0,6.95,52.0,9.9,Poor,Loamy,3,Medium
Rivers,227.1,1.85,191.2,13.19,Good,Sandy,4,Low
Kogi,388.9,8.58,300.9,13.91,Poor,Clay,4,High
Delta,132.4,5.75,152.3,9.97,Fair,Loamy,1,Low
Rivers,430.8,6.18,347.9,11.65,Fair,Clay,2,Low
Benue,186.7,10.67,156.0,5.29,Good,Sandy,5,Low
Kogi,444.3,6.35,141.2,15.23,Poor,Sandy,0,Medium
Bayelsa,385.4,1.72,399.3,19.0,Fair,Clay,1,Low
Jigawa,373.4,3.89,194.0,10.8,Good,Loamy,5,Low
Kogi,177.2,6.49,322.5,24.44,Good,Sandy,5,Low
Kwara,53.5,5.96,322.4,1.52,Good,Sandy,0,Low
Rivers,202.9,10.53,370.7,14.77,Fair,Sandy,3,Low
Bayelsa,170.7,7.19,35.8,14.63,Fair,Sandy,0,Low
Kwara,65.0,8.74,109.9,1.0,Fair,Sandy,3,Medium
Benue,252.1,6.43,307.6,5.69,Fair,Sandy,5,Low
Kwara,211.2,6.12,225.9,22.65,Poor,Clay,2,Medium
Niger,303.8,6.19,224.7,13.66,Fair,Loamy,1,Low
Niger,298.5,5.81,68.2,10.97,Good,Loamy,0,Low
Lagos,98.3,7.16,113.9,10.45,Poor,Loamy,2,Medium
Delta,440.8,4.13,209.5,22.22,Fair,Loamy,2,Low
Delta,124.8,10.86,112.3,9.24,Poor,Clay,0,High
Bayelsa,228.1,5.0,85.7,21.49,Good,Clay,4,Low
Benue,245.2,3.05,36.9,7.8,Fair,Loamy,5,Medium
Anambra,375.2,2.51,64.0,13.33,Poor,Sandy,4,Low
Niger,89.7,1.64,308.0,3.68,Fair,Loamy,3,Low
Bayelsa,221.5,5.94,288.1,20.64,Poor,Sandy,2,Low
Anambra,301.4,3.47,20.2,18.43,Poor,Sandy,1,Medium
Delta,136.1,1.73,82.9,13.3,Good,Clay,1,Low
Lagos,301.0,6.96,225.1,0.74,Good,Sandy,2,Low
Kwara,419.5,8.64,130.4,12.08,Fair,Clay,4,High
Niger,449.0,2.4,329.7,5.71,Fair,Loamy,5,Low
Bayelsa,63.0,6.34,314.4,10.39,Poor,Clay,2,Low
Kogi,144.2,9.31,356.8,21.43,Good,Sandy,3,Low
Anambra,174.1,11.85,226.0,19.26,Good,Sandy,2,Low
Kwara,209.7,8.51,142.1,6.12,Poor,Sandy,0,Medium
Niger,146.9,4.07,243.2,24.63,Good,Loamy,4,Low
Delta,131.4,9.02,37.5,22.59,Good,Clay,0,Low
Benue,431.8,7.78,5.8,13.26,Poor,Loamy,0,High
Anambra,417.4,3.72,8.8,13.3,Fair,Clay,2,High
Delta,68.8,10.44,164.2,22.54,Fair,Loamy,5,Medium
Niger,185.5,5.99,92.8,15.94,Fair,Loamy,2,Medium
Anambra,212.1,11.6,64.6,13.46,Poor,Sandy,5,High
Kwara,145.6,9.09,246.9,18.75,Fair,Loamy,1,Low
Niger,301.5,8.27,398.0,5.95,Poor,Loamy,5,High
Rivers,306.2,9.15,72.7,21.97,Poor,Clay,0,High
Bayelsa,390.2,6.52,219.5,13.33,Good,Loamy,2,Low
Kwara,346.3,6.8,49.7,15.13,Good,Sandy,1,Low
Anambra,267.0,10.44,373.8,2.34,Fair,Loamy,0,Low
Benue,311.4,8.65,118.1,7.81,Poor,Clay,1,Medium
Delta,159.6,10.92,351.6,10.73,Fair,Clay,4,Medium
Kogi,287.2,10.85,114.7,10.41,Fair,Loamy,3,Medium
Delta,245.7,11.75,322.8,19.48,Good,Loamy,0,Low
Anambra,103.3,8.85,85.3,7.13,Fair,Clay,2,Medium
Delta,147.0,6.77,118.5,4.63,Fair,Sandy,5,Low
Bayelsa,166.7,3.25,78.6,14.61,Good,Loamy,4,Low
Niger,419.7,8.91,107.2,15.41,Fair,Sandy,1,Medium
Kogi,142.2,4.56,334.3,3.13,Fair,Sandy,3,Low
Jigawa,165.7,4.47,256.3,0.16,Poor,Loamy,5,Medium
Anambra,197.7,4.0,163.5,22.95,Fair,Sandy,0,Low
Lagos,315.5,10.69,388.7,2.08,Good,Clay,3,Medium
Jigawa,97.3,10.61,187.0,22.46,Good,Sandy,4,Low
Delta,431.6,8.13,388.0,10.04,Poor,Clay,3,High
Anambra,396.2,6.47,80.2,16.36,Good,Loamy,0,Low
Rivers,280.9,8.56,362.0,4.72,Good,Sandy,4,Low
Lagos,319.6,7.88,7.5,20.62,Good,Clay,1,High
Kogi,56.7,5.87,219.0,4.59,Fair,Clay,0,Low
Benue,185.6,5.49,170.4,9.72,Poor,Loamy,3,Low
Rivers,368.3,5.52,211.0,6.03,Poor,Sandy,0,Low
Jigawa,81.0,7.69,222.3,20.95,Poor,Clay,4,Medium
Niger,162.9,8.3,156.8,21.47,Poor,Clay,3,Medium
Bayelsa,284.1,6.24,399.3,9.36,Good,Loamy,1,Low
Benue,152.6,11.67,390.6,7.75,Fair,Sandy,5,Low
Rivers,423.6,2.38,384.8,19.36,Good,Sandy,2,Low
Niger,102.4,5.14,391.7,21.97,Good,Clay,1,Low
Niger,369.0,5.9,317.6,15.64,Good,Sandy,0,Low
Anambra,253.2,1.68,395.5,23.19,Good,Sandy,2,Low
Rivers,350.1,5.33,357.2,9.64,Poor,Sandy,5,Low
Kogi,174.3,4.37,167.5,3.88,Poor,Sandy,5,Medium
Delta,255.8,6.81,314.3,4.57,Fair,Sandy,4,Low
Lagos,392.7,5.03,365.0,16.78,Good,Sandy,5,Low
Lagos,236.8,9.12,285.6,10.25,Poor,Sandy,3,Low
Jigawa,193.9,6.85,170.3,3.99,Fair,Clay,3,Low
Jigawa,264.5,2.86,28.2,7.38,Good,Clay,4,Medium
Lagos,336.9,9.38,324.3,13.31,Good,Sandy,5,Low
Kogi,227.4,2.54,381.2,3.12,Poor,Sandy,0,Low
Bayelsa,425.6,10.31,146.3,0.19,Good,Loamy,1,Medium
Kwara,168.0,11.28,62.5,22.94,Good,Clay,2,Medium
Delta,240.2,4.89,131.9,7.69,Poor,Loamy,4,Medium
Bayelsa,352.8,11.22,233.9,5.62,Fair,Clay,5,Medium
Anambra,325.6,9.83,128.1,17.49,Fair,Loamy,0,Medium
Kwara,395.5,11.19,245.0,21.35,Poor,Loamy,0,Low
Kwara,448.7,8.5,386.8,15.84,Poor,Loamy,2,Medium
Rivers,220.7,3.97,269.0,6.44,Fair,Clay,4,Low
Kogi,94.5,10.89,146.3,21.55,Fair,Clay,1,Low
Kogi,62.2,3.43,374.4,12.81,Poor,Sandy,1,Low
Kwara,340.8,3.74,227.1,9.59,Poor,Clay,4,Low
Rivers,399.6,4.35,53.1,15.16,Poor,Clay,3,Medium
Delta,138.3,4.69,200.6,17.55,Good,Clay,5,Low
Kwara,113.4,6.9,262.1,14.89,Poor,Clay,1,Low
Benue,74.9,8.99,335.6,23.01,Good,Sandy,3,Low
Jigawa,379.1,11.23,374.7,15.74,Fair,Sandy,4,Low
Jigawa,174.6,2.43,128.3,21.98,Fair,Clay,5,Medium
Bayelsa,210.7,11.52,63.9,14.72,Poor,Loamy,0,Medium
Anambra,251.1,11.17,31.4,8.31,Poor,Loamy,4,High
Jigawa,385.8,2.07,295.9,13.35,Fair,Clay,0,Low
Niger,310.3,5.28,318.5,2.25,Fair,Sandy,4,Low
Bayelsa,296.0,10.04,164.9,5.83,Fair,Loamy,3,Low
Jigawa,120.3,7.92,159.6,19.18,Fair,Sandy,5,Low
Anambra,255.3,9.68,381.8,16.57,Poor,Sandy,3,Low
Kogi,336.2,9.05,366.8,4.25,Good,Loamy,5,Low
Kogi,439.3,6.72,94.8,11.01,Fair,Clay,4,High
Delta,130.6,1.93,312.8,3.64,Fair,Sandy,0,Low
Kwara,53.8,7.63,249.8,21.41,Good,Loamy,4,Low
Benue,80.1,2.01,63.4,2.82,Poor,Sandy,0,Low
Kogi,200.3,7.84,144.0,16.39,Good,Loamy,3,Medium
Rivers,378.2,9.9,72.6,15.21,Poor,Clay,2,High
Jigawa,52.9,7.64,119.5,11.87,Poor,Clay,1,High
Rivers,232.7,11.97,246.9,7.03,Poor,Clay,3,Medium
Anambra,181.7,6.29,151.4,10.16,Poor,Sandy,4,Low
Kogi,71.0,9.36,158.8,20.18,Poor,Clay,4,High
Benue,230.1,8.51,216.8,19.06,Fair,Clay,0,Low
Anambra,151.9,11.91,36.7,18.5,Poor,Clay,1,High
Niger,190.8,8.99,296.0,18.77,Fair,Clay,5,Medium
Niger,332.2,3.22,161.9,3.68,Poor,Loamy,3,Low
Rivers,258.6,11.53,193.2,2.57,Fair,Loamy,1,Low
Kwara,99.9,8.51,389.8,21.55,Good,Sandy,1,Low
Bayelsa,434.6,2.12,139.1,20.95,Good,Loamy,3,Low
Kwara,304.4,8.4,260.0,17.06,Fair,Loamy,0,Low
Delta,356.3,10.77,158.2,15.19,Poor,Loamy,5,High
Kwara,81.7,7.56,357.9,9.24,Fair,Loamy,0,Low
Delta,68.8,5.22,339.0,5.68,Fair,Loamy,0,Low
Delta,57.8,10.12,98.2,16.72,Poor,Clay,2,High
Benue,125.5,9.72,277.3,22.83,Good,Sandy,1,Low
Kogi,215.8,7.21,27.9,10.98,Fair,Loamy,2,Low
Benue,424.3,3.12,385.3,7.65,Good,Loamy,0,Low
Delta,232.8,4.14,140.9,6.84,Good,Sandy,5,Low
Anambra,166.1,9.25,333.1,0.69,Good,Loamy,3,Medium
Niger,274.8,9.96,128.7,13.06,Fair,Loamy,1,Medium
Delta,94.8,4.43,253.8,24.71,Fair,Sandy,3,Low
Benue,293.8,5.36,393.5,20.4,Poor,Clay,4,Medium
Anambra,277.4,2.32,350.9,22.45,Poor,Clay,1,Low
Benue,366.8,8.99,65.8,15.57,Fair,Sandy,3,Medium
Kwara,444.7,1.54,219.9,12.09,Poor,Clay,0,Low
Jigawa,150.3,1.99,140.7,24.76,Good,Clay,2,Medium
Rivers,253.9,1.55,174.9,11.23,Good,Clay,3,Low
Bayelsa,413.5,8.28,135.4,22.93,Fair,Clay,5,High
Benue,364.1,5.88,135.7,19.07,Good,Loamy,4,Medium
Bayelsa,245.0,4.62,217.9,8.34,Fair,Sandy,0,Low
Lagos,428.1,11.08,78.4,12.63,Fair,Clay,4,Medium
Benue,72.9,3.52,215.9,9.67,Fair,Clay,5,Medium
Jigawa,422.4,5.59,113.0,3.49,Good,Sandy,5,Low
Bayelsa,70.2,11.37,117.0,8.98,Fair,Loamy,2,Medium
Delta,268.9,5.98,296.0,22.24,Fair,Clay,4,Medium
Benue,406.2,7.32,13.8,18.84,Poor,Clay,5,High
Kogi,155.1,2.34,153.6,7.01,Good,Loamy,3,Low
Rivers,238.9,9.8,164.2,9.26,Fair,Sandy,5,Low
Jigawa,179.7,5.94,195.1,15.45,Poor,Clay,5,Medium
Bayelsa,430.9,9.91,268.3,10.46,Fair,Clay,3,Medium
Jigawa,379.5,4.16,149.1,12.63,Good,Sandy,0,Low
Anambra,333.6,5.94,86.8,17.48,Poor,Loamy,2,Medium
Rivers,285.1,9.76,354.2,11.73,Poor,Sandy,2,Low
Delta,378.2,11.73,392.5,4.86,Fair,Clay,1,Low
Benue,206.9,2.13,10.0,13.06,Fair,Loamy,1,Low
Benue,229.0,10.03,219.5,8.97,Good,Loamy,3,Low
Benue,342.0,4.66,138.0,7.34,Good,Loamy,5,Low
Rivers,193.1,7.28,112.2,8.27,Fair,Sandy,4,Low
Kogi,75.6,4.55,135.6,11.03,Poor,Sandy,5,Medium
Lagos,79.7,7.94,256.3,22.18,Good,Sandy,5,Low
Niger,96.1,5.21,77.9,18.38,Good,Clay,4,Medium
Kwara,397.9,5.0,365.3,16.73,Poor,Sandy,0,Low
Bayelsa,238.9,1.9,187.5,11.83,Fair,Loamy,2,Low
Kogi,335.2,3.04,131.6,0.15,Good,Clay,3,Medium
Delta,207.2,11.13,306.7,8.58,Poor,Clay,4,High
Bayelsa,153.5,11.98,8.5,20.35,Good,Clay,1,Low
Benue,188.9,9.7,173.9,9.77,Poor,Loamy,3,Medium
Jigawa,367.7,4.51,143.4,14.14,Good,Sandy,0,Low
Delta,300.1,5.73,136.6,5.2,Fair,Loamy,3,Medium
Bayelsa,425.1,9.26,136.2,22.9,Poor,Sandy,4,Medium
Benue,321.9,11.67,14.4,23.09,Good,Clay,0,High
Bayelsa,278.1,6.28,62.5,3.74,Good,Clay,5,Medium
Jigawa,294.1,10.21,58.5,18.13,Poor,Loamy,1,High
Benue,426.9,11.74,395.5,1.97,Poor,Sandy,1,Medium
Lagos,365.3,10.67,10.8,15.0,Fair,Clay,4,High
Kogi,59.6,3.89,68.5,4.55,Poor,Loamy,0,Low
Anambra,263.7,1.58,389.7,3.73,Good,Loamy,1,Low
Kwara,325.3,6.67,252.0,0.2,Fair,Sandy,0,Low
Rivers,349.5,7.08,181.4,23.53,Poor,Sandy,3,Low
Kwara,135.3,3.61,33.3,20.75,Good,Sandy,2,Low
Delta,396.9,4.49,268.5,2.03,Poor,Clay,2,Medium
Kwara,432.3,9.53,56.8,15.02,Good,Loamy,2,Medium
Benue,144.7,6.44,269.1,5.9,Good,Sandy,1,Low
Lagos,403.0,4.83,391.7,6.67,Fair,Loamy,4,Low
Anambra,88.8,8.04,213.7,21.87,Fair,Clay,2,Medium
Kogi,72.3,8.35,87.2,2.95,Poor,Clay,5,High
Kogi,101.7,9.58,250.9,15.08,Fair,Sandy,4,Medium
Jigawa,73.1,3.15,206.1,10.09,Poor,Clay,2,Low
Rivers,388.0,9.29,214.2,4.85,Fair,Loamy,3,Low
Bayelsa,73.6,7.79,192.3,11.35,Fair,Loamy,2,Low
Lagos,158.7,2.1,270.1,23.52,Poor,Clay,4,Medium
Bayelsa,91.5,9.66,229.6,19.56,Fair,Clay,1,Low
Anambra,168.2,5.52,394.8,3.39,Fair,Clay,5,Medium
Kwara,86.2,4.97,330.7,21.25,Fair,Loamy,3,Low
Kogi,317.2,6.2,107.3,23.44,Fair,Clay,4,Medium
Anambra,103.3,5.13,290.9,7.0,Poor,Sandy,0,Low
Kwara,390.7,5.05,87.3,8.4,Good,Sandy,2,Low
Kogi,376.9,9.98,313.4,3.25,Poor,Loamy,3,Medium
Kwara,55.5,2.81,60.7,8.69,Poor,Clay,1,Medium
Rivers,408.3,11.69,190.5,16.86,Poor,Clay,0,Low
Lagos,61.6,7.33,316.7,6.88,Fair,Clay,2,Low
Delta,145.9,3.42,113.5,0.27,Fair,Sandy,3,Low
Anambra,63.0,2.88,335.2,8.53,Good,Sandy,5,Low
Anambra,184.3,7.71,258.4,11.38,Fair,Sandy,4,Low
Niger,255.5,8.15,160.2,14.2,Good,Sandy,2,Low
Benue,368.7,2.06,170.5,17.13,Good,Sandy,3,Low
Rivers,185.2,4.05,370.5,1.64,Fair,Loamy,2,Low
Rivers,332.2,9.85,88.7,11.8,Good,Loamy,5,Medium
Bayelsa,125.0,2.02,278.0,6.73,Poor,Clay,3,Low
Kwara,350.2,10.48,283.5,23.7,Poor,Clay,4,High
Benue,144.4,8.41,369.1,9.06,Poor,Sandy,2,Low
Lagos,107.4,6.06,285.8,2.59,Good,Clay,3,Low
Lagos,124.2,5.14,234.6,1.13,Good,Loamy,0,Low
Rivers,122.8,1.7,361.2,6.71,Poor,Loamy,1,Low
Lagos,255.1,10.16,332.0,4.55,Fair,Clay,5,Medium
Niger,387.9,3.0,287.3,16.28,Poor,Sandy,3,Low
Anambra,81.8,4.75,15.0,21.19,Fair,Loamy,3,Low
Jigawa,332.8,7.48,150.7,7.88,Fair,Clay,3,Low
Delta,311.7,4.08,253.5,14.49,Good,Sandy,2,Low
Bayelsa,399.0,6.72,209.9,18.28,Good,Clay,5,Low
Kwara,147.7,10.0,129.1,10.02,Fair,Sandy,1,Low
Delta,230.0,6.44,59.5,1.75,Fair,Sandy,5,High
Kwara,420.3,11.46,222.1,5.81,Fair,Loamy,2,Low
Kogi,314.0,10.4,115.8,22.09,Good,Loamy,3,Low
Delta,205.5,5.0,94.7,20.63,Poor,Clay,5,High
Jigawa,102.6,5.7,160.8,2.25,Fair,Clay,3,Medium
Rivers,155.0,5.94,314.6,5.68,Good,Sandy,1,Low
Niger,282.5,8.07,196.2,19.25,Poor,Loamy,0,Medium
Anambra,337.3,4.51,88.2,12.2,Good,Sandy,2,Low
Anambra,99.8,11.68,48.5,19.02,Poor,Sandy,0,Low
Niger,289.8,7.89,200.6,5.36,Good,Sandy,5,Low
Benue,270.1,5.69,318.2,23.82,Poor,Sandy,3,Low
Kogi,255.6,8.27,261.8,19.61,Fair,Sandy,3,Low
Kwara,326.0,5.65,94.4,5.02,Good,Sandy,4,Low
Jigawa,385.0,10.09,175.8,14.01,Poor,Clay,4,High
Lagos,179.2,7.46,342.4,2.92,Poor,Loamy,0,Low
Delta,405.6,1.94,72.7,9.1,Poor,Loamy,4,Medium
Kogi,114.3,3.36,213.8,16.52,Fair,Sandy,5,Low
Delta,119.2,10.58,143.8,8.32,Good,Sandy,1,Low
Jigawa,156.7,7.41,51.4,16.45,Poor,Sandy,5,Medium
Bayelsa,97.8,11.48,21.9,6.2,Fair,Loamy,0,Medium
Bayelsa,142.1,2.26,223.2,18.06,Fair,Loamy,5,Low
Kogi,92.6,4.6,10.3,9.05,Fair,Sandy,4,Low
Rivers,378.7,3.53,43.2,19.78,Fair,Loamy,4,Medium
Jigawa,105.6,7.32,140.3,3.5,Fair,Sandy,1,Low
Jigawa,348.9,5.52,19.3,9.11,Fair,Sandy,5,High
Niger,69.2,3.15,161.4,11.65,Fair,Sandy,1,Low
Rivers,429.4,8.25,53.9,10.65,Good,Clay,0,Low
Kwara,334.5,7.13,141.2,10.88,Good,Loamy,2,Low
Kwara,52.7,4.38,316.9,11.18,Fair,Loamy,5,Low
Lagos,355.5,6.54,251.3,24.72,Poor,Loamy,5,Low
Anambra,255.6,9.33,179.3,4.91,Poor,Sandy,1,Low
Bayelsa,361.7,3.66,38.5,19.24,Poor,Clay,4,High
Kwara,259.0,4.58,248.4,13.84,Fair,Sandy,0,Low
Rivers,306.4,5.13,67.2,10.4,Poor,Sandy,2,Low
Jigawa,364.5,9.34,32.5,15.87,Good,Sandy,5,Medium
Kwara,212.0,10.39,266.3,21.35,Good,Clay,0,Low
Jigawa,51.1,5.45,365.0,11.72,Good,Sandy,4,Low
Kwara,390.0,4.61,185.3,21.63,Good,Sandy,2,Low
Bayelsa,202.4,10.84,18.3,2.44,Fair,Clay,2,High
Delta,248.4,11.99,352.4,16.36,Good,Sandy,1,Low
Kwara,53.1,8.54,28.7,8.4,Poor,Sandy,3,Medium
Rivers,246.8,11.89,347.3,9.73,Poor,Loamy,4,Medium
Kwara,444.6,8.43,157.9,14.32,Good,Clay,3,Low
Anambra,161.3,9.2,147.4,12.05,Good,Loamy,4,Medium
Bayelsa,208.2,5.58,218.0,9.61,Good,Sandy,0,Low
Rivers,324.9,6.05,382.9,7.78,Poor,Clay,3,Low
Niger,375.9,3.01,359.7,15.5,Poor,Clay,5,High
Rivers,217.0,10.14,189.2,12.69,Good,Sandy,5,Low
Anambra,173.9,11.28,278.9,8.15,Poor,Loamy,5,High
Delta,425.1,8.05,233.0,5.2,Poor,Sandy,2,Medium
Bayelsa,320.9,5.11,278.0,19.38,Fair,Clay,1,Low
Niger,97.6,3.12,332.1,20.01,Good,Clay,4,Low
Anambra,77.6,4.28,15.7,5.42,Good,Sandy,1,Low
Anambra,243.4,4.18,131.7,6.62,Fair,Sandy,4,Low
Kogi,138.0,7.94,383.8,6.05,Fair,Sandy,5,Low
Bayelsa,151.6,11.42,379.8,22.13,Poor,Sandy,2,Low
Rivers,401.1,2.01,6.5,19.38,Fair,Loamy,2,Medium
Jigawa,85.8,1.51,82.2,1.96,Good,Loamy,2,Low
Delta,336.1,7.8,397.5,20.83,Good,Loamy,2,Low
Jigawa,158.5,4.48,198.1,1.02,Good,Loamy,2,Low
Rivers,354.1,10.75,230.0,6.4,Poor,Clay,5,High
Rivers,339.0,4.94,68.2,22.98,Poor,Clay,1,Medium
Bayelsa,53.0,4.54,357.9,21.62,Good,Loamy,0,Low
Rivers,253.7,4.33,94.0,19.56,Good,Sandy,3,Low
Kogi,105.7,3.02,77.5,11.49,Poor,Clay,1,Medium
Niger,396.5,7.61,92.8,8.1,Poor,Sandy,5,Medium
Rivers,398.6,3.27,368.0,22.05,Fair,Loamy,3,Low
Jigawa,217.3,5.96,281.7,16.46,Poor,Clay,0,Low
Rivers,227.8,6.34,307.9,7.46,Poor,Clay,4,Low
Kogi,171.3,1.72,152.1,11.63,Good,Clay,0,Low
Kwara,336.6,1.68,363.9,22.05,Good,Clay,0,Low
Kwara,193.5,6.96,316.2,22.6,Good,Loamy,5,Low
Anambra,157.1,8.81,300.7,16.52,Fair,Clay,4,Low
Delta,222.9,11.39,388.4,18.34,Poor,Loamy,3,Medium
Lagos,86.6,3.38,147.7,1.08,Fair,Clay,2,Medium
Niger,348.6,2.58,245.2,15.15,Poor,Loamy,4,Low
Benue,55.0,2.05,364.2,17.26,Poor,Loamy,4,Low
Anambra,307.8,6.08,316.8,0.61,Good,Sandy,0,Low
Delta,123.1,8.04,226.2,21.11,Poor,Loamy,4,Medium
Kwara,143.0,10.33,32.3,23.21,Fair,Sandy,1,Low
Jigawa,304.3,8.67,261.8,6.02,Good,Clay,2,Low
Benue,447.2,3.69,211.6,21.16,Fair,Sandy,0,Low
Delta,361.1,6.35,75.3,16.67,Fair,Loamy,3,Medium
Delta,140.3,11.06,353.1,14.56,Good,Sandy,3,Low
Anambra,120.4,4.93,138.6,21.09,Poor,Clay,3,High
Benue,396.5,6.74,156.2,7.21,Fair,Sandy,3,Low
Bayelsa,227.7,11.56,269.6,19.79,Poor,Loamy,3,Low
Lagos,104.8,9.21,196.5,7.93,Good,Loamy,0,Low
Bayelsa,394.9,9.35,37.5,19.71,Poor,Clay,1,High
Benue,376.4,4.15,156.2,11.33,Poor,Clay,1,Low
Bayelsa,443.6,5.85,39.6,3.01,Good,Sandy,3,Low
Kogi,413.9,2.36,77.9,9.6,Poor,Clay,1,Medium
Kwara,390.7,7.87,4.9,5.91,Fair,Loamy,2,High
Kogi,71.0,2.59,74.2,2.6,Fair,Sandy,1,Low
Rivers,91.8,10.28,133.5,2.85,Fair,Sandy,4,High
Bayelsa,277.6,10.05,216.2,19.52,Poor,Sandy,3,Low
Rivers,262.6,7.1,367.9,22.05,Fair,Sandy,4,Low
Jigawa,233.2,2.98,217.1,23.19,Poor,Clay,4,Low
Niger,208.7,1.77,282.8,21.36,Poor,Sandy,3,Low
Jigawa,222.5,9.87,144.4,20.77,Poor,Sandy,5,Medium
Benue,277.7,7.8,301.1,1.81,Poor,Sandy,0,Low
Delta,50.8,8.96,248.9,19.77,Good,Loamy,5,Low
Kwara,154.3,4.69,185.0,19.6,Fair,Loamy,1,Low
Bayelsa,257.3,6.85,79.1,3.37,Fair,Clay,5,Medium
Anambra,338.9,9.35,122.8,16.58,Poor,Loamy,2,High
Niger,119.7,6.36,249.1,11.37,Good,Loamy,5,Low
Lagos,268.8,7.81,171.6,22.51,Poor,Clay,5,Medium
Lagos,335.8,9.79,356.0,17.42,Fair,Clay,0,Low
Lagos,227.9,3.76,95.5,23.78,Fair,Sandy,2,Low
Bayelsa,60.8,2.19,31.1,2.71,Good,Sandy,5,Low
Lagos,229.7,7.08,236.6,1.11,Poor,Clay,3,Medium
Kogi,168.6,2.15,354.6,24.34,Good,Sandy,1,Low
Niger,421.9,9.55,147.2,2.1,Poor,Sandy,5,Medium
Kogi,99.8,9.05,259.8,9.72,Good,Sandy,0,Low
Delta,311.0,10.76,94.1,16.28,Fair,Clay,3,High
Niger,71.1,8.22,224.3,22.01,Good,Loamy,0,Low
Kogi,228.5,2.21,315.1,6.44,Fair,Loamy,4,Low
Niger,271.6,4.16,347.1,0.82,Fair,Clay,5,Medium
Delta,169.2,9.98,43.8,13.08,Poor,Clay,1,Medium
Rivers,232.0,3.25,143.8,11.83,Good,Sandy,1,Low
Bayelsa,115.4,8.83,256.6,7.74,Good,Clay,3,Low
Bayelsa,171.6,9.69,15.8,21.86,Good,Clay,3,Medium
Lagos,298.4,4.97,276.9,18.76,Good,Clay,3,Low
Jigawa,170.7,4.88,212.2,21.47,Poor,Clay,1,Low
Lagos,409.9,7.36,116.8,4.13,Poor,Sandy,5,Medium
Benue,301.4,10.54,326.2,17.34,Poor,Sandy,4,Medium
Kogi,225.5,3.85,117.4,24.38,Fair,Clay,1,Medium
Niger,65.5,11.38,396.6,15.34,Fair,Clay,3,Low
Jigawa,249.8,7.79,326.9,4.37,Fair,Loamy,2,Low
Delta,355.9,11.92,283.8,24.89,Poor,Loamy,5,Medium
Benue,156.2,2.44,26.4,13.26,Fair,Clay,4,High
Delta,372.7,2.83,361.9,21.02,Good,Loamy,1,Low
Bayelsa,150.7,10.18,316.4,3.82,Fair,Loamy,2,Low
Bayelsa,379.5,10.58,93.2,16.69,Poor,Sandy,5,High
Lagos,84.1,6.18,158.1,22.82,Poor,Sandy,4,Low
Kogi,396.5,9.0,108.9,13.35,Poor,Sandy,1,Medium
Jigawa,249.7,10.61,393.8,7.29,Poor,Loamy,5,Medium
Kwara,168.6,1.95,342.0,3.27,Good,Clay,5,Low
Benue,156.0,7.53,372.2,7.47,Fair,Sandy,3,Low
Benue,222.8,10.46,315.9,8.94,Fair,Loamy,1,Low
Lagos,449.6,5.68,183.6,17.78,Poor,Clay,5,Medium
Bayelsa,138.1,4.68,83.8,4.55,Fair,Sandy,4,Low
Lagos,91.3,9.85,84.8,2.74,Good,Loamy,3,Medium
Niger,284.0,5.03,62.4,9.73,Poor,Sandy,5,Medium
Jigawa,245.4,1.53,219.6,11.52,Fair,Loamy,0,Low
Kogi,259.7,11.58,368.1,15.75,Fair,Sandy,2,Low
Rivers,316.8,7.72,396.7,17.72,Fair,Loamy,5,Medium
Anambra,156.9,10.1,116.3,22.24,Fair,Clay,3,High
Anambra,414.3,10.17,279.5,7.29,Poor,Sandy,3,Low
Lagos,224.3,2.2,239.6,13.26,Poor,Sandy,4,Low
Niger,101.6,3.29,196.6,9.21,Good,Loamy,5,Low
Jigawa,346.9,4.77,267.0,0.14,Poor,Clay,5,High
Kwara,307.2,4.87,149.8,14.53,Fair,Clay,4,Medium
Anambra,176.3,8.42,377.9,20.41,Fair,Sandy,2,Low
Jigawa,298.6,8.04,282.8,1.01,Fair,Loamy,4,Medium
Kogi,137.9,6.69,302.2,0.19,Good,Sandy,3,Low
Delta,227.9,3.72,98.5,18.22,Poor,Loamy,2,Medium
Niger,409.8,5.51,69.1,17.13,Poor,Clay,2,Medium
Bayelsa,103.4,7.21,158.9,10.21,Poor,Sandy,1,Low
Jigawa,204.7,6.41,307.1,16.57,Fair,Loamy,3,Low
Kogi,378.5,2.84,375.6,23.84,Fair,Clay,3,Low
Kwara,437.8,8.32,172.1,6.27,Fair,Loamy,4,Low
Rivers,231.6,2.27,310.1,6.22,Good,Sandy,3,Low
Bayelsa,252.8,5.47,189.2,4.74,Good,Loamy,5,Low
Rivers,278.9,8.96,119.5,18.13,Fair,Sandy,4,Medium
Kwara,422.9,1.71,296.2,8.89,Good,Clay,3,Low
Kogi,393.3,7.48,319.7,24.72,Good,Loamy,5,Low
Anambra,118.2,5.01,82.7,17.89,Good,Clay,1,Low
Rivers,224.7,1.59,123.5,9.25,Poor,Clay,3,High
Bayelsa,235.6,3.5,198.9,3.81,Good,Sandy,1,Low
Lagos,365.6,11.38,76.2,14.84,Fair,Sandy,3,Low
Benue,291.2,6.97,371.7,7.44,Poor,Clay,3,Medium
Jigawa,311.7,11.97,237.4,22.65,Good,Sandy,0,Low
Anambra,449.3,7.01,50.2,11.09,Fair,Clay,5,Medium
Rivers,80.0,7.21,75.2,7.39,Good,Sandy,3,Low
Delta,139.2,5.61,381.8,14.75,Fair,Sandy,1,Low
Jigawa,213.2,4.76,295.8,3.51,Fair,Loamy,2,Low
Lagos,189.1,4.14,294.3,14.08,Good,Loamy,1,Low
Kwara,58.7,5.11,30.9,1.5,Good,Sandy,5,Low
Benue,86.7,6.33,358.3,15.21,Poor,Clay,3,Low
Kogi,322.4,3.52,178.6,13.3,Good,Clay,4,Low
Lagos,401.7,3.86,264.6,13.07,Fair,Clay,0,Low
Lagos,255.7,4.35,384.0,17.14,Poor,Sandy,4,Low
Kwara,265.7,6.22,41.8,1.21,Fair,Sandy,0,Low
Niger,152.0,8.35,193.9,11.55,Fair,Clay,0,Medium
Kwara,357.2,10.49,21.7,11.16,Good,Loamy,4,Medium
Niger,350.7,4.51,200.8,11.55,Fair,Loamy,5,Low
Niger,285.3,3.43,102.4,24.5,Good,Clay,3,Low
Anambra,135.1,5.48,364.6,3.57,Fair,Sandy,1,Low
Anambra,88.8,10.89,160.6,17.29,Poor,Sandy,4,Medium
Bayelsa,75.7,1.6,254.3,10.11,Good,Clay,2,Low
Rivers,287.1,8.62,344.4,12.84,Poor,Loamy,0,Low
Rivers,380.0,6.51,393.5,19.08,Good,Clay,1,Low
Kogi,393.3,3.19,202.5,4.02,Poor,Clay,2,Low
Rivers,235.4,4.87,183.4,19.11,Good,Clay,1,Low
Anambra,363.7,3.86,32.1,1.85,Poor,Loamy,3,Medium
Bayelsa,428.8,10.72,7.1,12.13,Poor,Clay,2,High
Bayelsa,160.1,6.56,244.3,18.58,Good,Loamy,5,Low
Niger,209.2,7.41,28.1,4.89,Good,Sandy,5,Low
Kwara,422.6,7.73,153.4,19.3,Fair,Loamy,4,Low
Kogi,185.3,8.22,3.4,4.25,Fair,Loamy,1,Medium
Niger,415.6,6.7,246.9,20.0,Good,Clay,5,Low
Kwara,442.4,1.69,171.3,11.78,Good,Sandy,5,Low
Rivers,314.7,5.01,52.6,17.15,Poor,Clay,4,High
Niger,376.8,3.43,120.0,22.94,Poor,Loamy,4,Medium
Jigawa,349.8,8.64,228.7,10.27,Fair,Loamy,5,Medium
Rivers,329.8,2.1,263.4,5.9,Fair,Clay,1,Low
Kwara,172.8,7.42,186.0,21.69,Fair,Sandy,1,Low
Kogi,72.8,3.71,322.0,4.12,Poor,Loamy,0,Low
Kwara,187.2,11.46,46.8,15.82,Poor,Loamy,0,Medium
Niger,316.8,5.02,35.6,23.09,Poor,Loamy,2,Medium
Niger,91.0,4.91,19.6,16.89,Fair,Sandy,2,Low
Lagos,54.8,11.2,215.3,4.97,Good,Clay,2,Medium
Kogi,105.9,5.88,283.1,3.89,Fair,Sandy,0,Low
Delta,336.3,11.61,53.9,6.38,Poor,Sandy,4,High
Rivers,439.1,1.75,256.3,9.85,Fair,Loamy,5,Medium
Bayelsa,443.2,4.72,191.8,4.06,Fair,Sandy,3,Low
Kogi,247.6,8.5,395.0,19.97,Fair,Loamy,3,Medium
Bayelsa,397.7,10.85,287.6,8.99,Fair,Sandy,5,Low
Kogi,344.7,4.19,263.7,23.41,Poor,Sandy,1,Low
Kogi,250.4,11.27,229.0,21.08,Fair,Clay,0,Low
Kwara,279.1,7.74,399.0,22.73,Poor,Sandy,1,Low
Kogi,104.9,9.91,392.2,7.43,Fair,Clay,3,Medium
Lagos,425.1,5.67,216.2,14.39,Poor,Loamy,1,Low
Delta,190.8,3.73,183.2,8.1,Good,Loamy,0,Low
Niger,228.5,11.07,185.9,6.5,Poor,Clay,0,High
Benue,318.7,11.3,172.5,15.22,Poor,Loamy,0,Low
Bayelsa,183.6,6.72,213.5,20.47,Good,Loamy,3,Low
Niger,151.7,1.57,110.9,2.43,Good,Sandy,0,Low
Benue,302.4,2.65,370.9,6.97,Good,Clay,2,Low
Delta,60.0,7.52,197.1,5.21,Good,Loamy,2,Low
Delta,338.3,1.75,337.1,19.98,Good,Clay,5,Low
Bayelsa,255.6,5.67,191.2,23.34,Good,Sandy,0,Low
Bayelsa,292.3,4.69,287.9,2.09,Fair,Loamy,2,Low
Delta,302.8,9.0,136.1,9.54,Fair,Loamy,0,Medium
Benue,260.8,2.08,250.7,22.87,Good,Clay,3,Low
Kogi,283.0,6.63,200.4,8.68,Poor,Loamy,2,Low
Rivers,323.5,7.58,148.1,17.85,Poor,Clay,3,High
Jigawa,351.2,7.98,352.9,2.61,Good,Loamy,2,Low
Niger,341.0,5.75,46.9,11.17,Fair,Sandy,4,Low
Kwara,397.8,4.7,195.8,12.63,Fair,Sandy,4,Low
Niger,125.8,8.67,79.4,18.97,Poor,Clay,5,High
Kwara,210.5,10.4,344.7,7.29,Good,Loamy,5,Medium
Benue,429.1,8.78,102.9,6.68,Fair,Loamy,5,High
Kwara,208.6,11.29,254.1,7.64,Good,Clay,3,Low
Bayelsa,99.9,9.03,67.9,13.94,Good,Sandy,2,Low
Rivers,260.2,9.53,163.2,21.91,Poor,Sandy,4,Medium
Rivers,93.8,3.26,359.9,20.79,Good,Sandy,0,Low
Bayelsa,131.1,5.91,68.1,1.54,Good,Clay,1,Low
Lagos,449.3,6.59,266.0,21.99,Poor,Sandy,4,Low
Benue,266.5,4.19,83.4,2.47,Fair,Clay,4,Medium
Lagos,163.6,7.05,167.5,10.44,Good,Sandy,0,Low
Lagos,447.9,4.55,217.2,19.16,Poor,Sandy,4,Low
Niger,436.6,8.72,231.8,2.13,Fair,Clay,4,Medium
Delta,226.3,6.44,241.8,1.11,Good,Loamy,4,Low
Niger,154.2,6.32,256.8,8.32,Fair,Loamy,5,Low
Delta,385.4,11.83,110.2,18.28,Poor,Loamy,5,High
Jigawa,336.2,5.62,161.7,13.09,Good,Sandy,2,Low
Kwara,324.8,5.3,16.9,10.48,Poor,Sandy,5,High
Delta,407.2,4.85,308.0,20.35,Poor,Loamy,4,Medium
Bayelsa,325.8,10.89,335.2,19.19,Good,Sandy,1,Low
Niger,163.5,6.72,81.3,19.67,Poor,Sandy,5,Medium
Benue,327.5,7.8,82.2,11.55,Fair,Loamy,2,Medium
Kwara,172.3,3.4,18.7,0.58,Poor,Clay,2,Medium
Jigawa,353.7,7.18,388.2,4.39,Good,Loamy,3,Low
Delta,297.9,4.38,323.3,18.56,Good,Loamy,4,Low
Jigawa,81.0,9.17,145.6,18.85,Fair,Clay,1,Medium
Benue,255.1,10.24,193.8,24.31,Good,Sandy,1,Low
Lagos,187.3,9.01,118.2,4.84,Poor,Loamy,3,Medium
Rivers,181.4,9.17,239.7,3.16,Poor,Loamy,1,Low
Benue,290.9,6.88,287.5,3.56,Good,Sandy,2,Low
Anambra,178.9,8.98,180.1,4.7,Fair,Sandy,0,Low
Benue,360.8,5.94,349.7,13.26,Fair,Clay,2,Low
Jigawa,78.3,8.34,207.8,24.38,Good,Sandy,5,Low
Bayelsa,314.2,4.22,59.4,14.78,Poor,Loamy,0,Low
Niger,373.7,2.23,249.7,13.11,Good,Sandy,1,Low
Bayelsa,319.1,5.84,186.0,16.87,Good,Sandy,4,Low
Jigawa,248.9,6.35,374.4,1.94,Fair,Clay,0,Low
Niger,430.1,4.19,158.0,20.4,Poor,Clay,2,Low
Anambra,170.0,9.14,162.3,16.21,Fair,Loamy,2,Low
Rivers,57.7,2.27,261.0,4.36,Fair,Loamy,5,Low
Kwara,222.8,3.84,211.7,15.8,Poor,Sandy,2,Low
Jigawa,63.2,9.36,151.0,14.95,Poor,Loamy,5,Medium
Delta,431.6,6.09,395.9,1.71,Poor,Loamy,2,Low
Jigawa,134.0,8.91,122.3,6.75,Good,Sandy,3,Medium
Jigawa,365.6,7.46,112.5,9.83,Poor,Sandy,1,Low
Niger,359.8,11.48,346.0,6.2,Good,Sandy,4,Low
Kogi,137.1,7.78,3.3,6.15,Fair,Clay,5,High
Benue,298.5,1.66,82.1,14.37,Poor,Clay,3,Medium
Kogi,69.2,5.21,237.0,11.82,Good,Sandy,1,Low
Anambra,243.4,3.0,66.7,16.72,Good,Clay,5,Medium
Delta,55.9,11.21,394.3,23.91,Good,Clay,0,Low
Rivers,418.5,2.59,186.7,16.55,Good,Clay,3,Low
Lagos,440.4,5.57,239.8,14.59,Fair,Loamy,5,Low
Anambra,138.9,3.87,65.8,21.2,Poor,Sandy,3,Low
Lagos,133.2,10.39,117.2,15.84,Poor,Sandy,3,High
Lagos,351.5,4.74,246.6,4.22,Poor,Loamy,3,Low
Rivers,151.4,11.91,220.7,7.94,Poor,Clay,0,Low
Bayelsa,408.0,1.91,314.2,18.36,Poor,Sandy,2,Low
Kogi,279.6,2.85,109.2,18.49,Poor,Clay,3,Medium
Jigawa,190.3,3.86,262.1,24.68,Good,Loamy,1,Low
Kwara,383.1,10.02,117.8,15.71,Poor,Clay,2,High
Lagos,247.4,10.72,235.5,22.5,Good,Loamy,0,Low
Delta,414.7,2.25,242.8,1.46,Fair,Loamy,4,Low
Anambra,421.2,1.84,50.5,14.2,Good,Clay,0,Low
Bayelsa,116.2,9.32,220.4,23.0,Fair,Clay,4,Medium
Lagos,50.9,2.9,6.8,7.25,Poor,Sandy,1,Low
Bayelsa,443.6,2.9,201.5,3.96,Fair,Loamy,4,Low
Bayelsa,412.5,1.73,279.6,8.83,Fair,Clay,5,Medium
Lagos,72.2,2.02,31.0,19.83,Good,Clay,3,Medium
Niger,383.2,4.27,375.6,2.21,Good,Sandy,2,Low
Benue,233.1,2.18,184.6,15.05,Fair,Sandy,5,Low
Delta,153.6,5.37,375.5,3.48,Fair,Sandy,2,Low
Jigawa,401.5,10.24,44.7,10.94,Poor,Loamy,3,High
Jigawa,128.7,4.93,380.1,24.15,Good,Sandy,2,Low
Delta,428.9,9.14,45.5,4.96,Fair,Loamy,0,Low
Niger,132.2,2.49,185.7,0.95,Good,Sandy,3,Low
Jigawa,295.5,8.42,375.3,10.74,Poor,Loamy,3,Medium
Bayelsa,139.2,4.83,94.6,14.48,Poor,Sandy,2,Low
Rivers,268.3,9.37,15.8,7.51,Fair,Loamy,5,High
Anambra,323.6,2.93,317.7,13.59,Poor,Sandy,4,Low
Kogi,126.1,10.93,239.2,23.84,Fair,Sandy,1,Low
Jigawa,258.4,4.05,206.5,7.86,Good,Clay,4,Low
Delta,237.6,5.21,15.7,7.8,Good,Loamy,0,Low
Rivers,78.4,11.48,262.0,12.12,Fair,Clay,3,Medium
Lagos,377.3,7.57,70.3,12.93,Fair,Loamy,3,Medium
Benue,184.3,5.34,372.6,0.13,Fair,Clay,0,Low
Delta,279.8,11.47,274.9,15.44,Good,Sandy,1,Low
Bayelsa,255.9,4.96,283.4,24.93,Good,Clay,3,Low
Benue,255.3,2.5,94.6,7.37,Poor,Sandy,4,Medium
Anambra,92.9,11.97,352.5,15.81,Poor,Loamy,0,Low
Anambra,219.4,4.31,216.0,0.22,Good,Sandy,3,Low
Niger,230.9,10.44,343.1,15.15,Good,Clay,4,Low
Kwara,343.5,3.24,109.8,11.23,Fair,Loamy,0,Low
Niger,386.0,9.18,302.7,13.3,Good,Clay,0,Low
Rivers,268.0,7.01,230.7,13.64,Good,Sandy,0,Low
Benue,84.7,11.8,21.3,4.51,Poor,Sandy,1,Medium
Kwara,144.7,7.3,163.3,19.27,Poor,Clay,0,Low
Lagos,116.0,1.76,75.2,13.93,Fair,Loamy,5,Medium
Bayelsa,99.8,7.84,145.0,6.83,Poor,Clay,2,High
Benue,196.4,3.03,154.6,23.44,Fair,Sandy,2,Low
Niger,141.8,9.88,191.0,0.42,Good,Loamy,0,Low
Kogi,137.3,10.49,240.9,18.18,Good,Clay,3,Low
Kwara,71.9,6.56,229.2,9.59,Fair,Sandy,2,Low
Kwara,57.1,9.72,17.5,13.11,Poor,Loamy,4,High
Bayelsa,91.1,3.02,300.8,7.36,Poor,Clay,4,Medium
Jigawa,118.9,6.67,379.8,8.1,Good,Loamy,3,Low
Anambra,222.4,5.64,140.8,0.48,Poor,Sandy,4,Medium
Anambra,254.2,7.92,73.5,18.27,Fair,Clay,5,High
Kogi,106.2,1.97,216.9,17.8,Good,Clay,3,Low
Rivers,219.9,9.4,282.6,16.39,Poor,Sandy,4,Medium
Rivers,186.7,2.33,272.2,21.96,Good,Sandy,0,Low
Lagos,123.4,8.39,245.6,22.54,Good,Sandy,4,Low
Benue,52.7,1.69,60.2,13.96,Poor,Clay,0,Medium
Delta,236.8,10.23,335.1,17.15,Fair,Sandy,4,Low
Jigawa,324.3,3.33,171.4,0.37,Poor,Clay,4,Medium
Niger,140.5,6.91,90.1,21.17,Poor,Clay,4,High
Delta,102.7,4.25,36.3,20.43,Poor,Loamy,0,Medium
Delta,404.8,9.09,167.9,0.6,Poor,Sandy,4,Medium
Kwara,160.0,4.87,248.0,13.62,Poor,Sandy,4,Low
Kogi,139.4,9.11,266.8,22.68,Poor,Loamy,5,Medium
Anambra,392.8,4.49,385.2,4.62,Fair,Clay,1,Low
Lagos,376.8,9.4,63.0,8.88,Good,Clay,0,Medium
Rivers,229.3,1.82,394.3,8.34,Fair,Clay,5,Medium
Kogi,245.7,4.47,262.6,8.96,Poor,Sandy,2,Low
Kwara,137.1,6.74,182.8,1.14,Fair,Clay,3,Low
Niger,81.3,1.97,355.5,7.05,Good,Loamy,1,Low
Lagos,279.4,3.45,278.4,7.44,Fair,Clay,5,Medium
Kwara,89.3,11.31,140.8,21.66,Poor,Sandy,5,High
Anambra,229.7,11.76,353.9,8.87,Good,Sandy,4,Low
Anambra,426.2,9.27,267.3,11.24,Poor,Clay,2,Medium
Anambra,431.1,4.15,280.1,9.58,Poor,Clay,2,Low
Kogi,145.7,4.24,358.8,3.1,Good,Sandy,4,Low
Kogi,299.6,8.28,180.5,24.76,Good,Clay,5,Medium
Rivers,239.6,2.73,263.4,20.66,Poor,Loamy,5,Medium
Rivers,400.3,11.46,298.4,13.57,Fair,Sandy,4,Low
Niger,158.6,3.86,182.7,11.96,Good,Clay,1,Low
Lagos,51.5,12.0,35.2,16.27,Fair,Clay,0,Medium
Bayelsa,115.0,6.71,309.0,8.23,Fair,Clay,1,Low
Bayelsa,189.8,9.6,21.0,1.35,Good,Loamy,0,Medium
Kwara,176.3,1.52,287.7,10.17,Fair,Sandy,2,Low
Anambra,366.5,10.83,364.5,24.6,Good,Loamy,3,Low
Lagos,322.2,4.34,140.1,4.64,Good,Clay,4,Medium
Delta,169.8,8.51,42.6,13.24,Good,Loamy,1,Low
Kogi,233.1,9.97,94.7,0.31,Good,Clay,2,High
Benue,88.2,3.22,225.8,3.14,Fair,Clay,1,Low
Jigawa,409.3,6.15,377.2,14.72,Fair,Sandy,5,Low
Niger,424.2,6.69,205.9,7.51,Good,Sandy,0,Low
Anambra,441.9,4.78,46.9,22.65,Good,Clay,4,Low
Anambra,397.4,6.56,251.9,10.21,Good,Clay,5,Low
Anambra,119.6,4.83,293.7,5.28,Good,Clay,0,Low
Kogi,68.5,5.29,158.5,13.69,Poor,Sandy,5,Low
Kogi,281.8,8.53,289.2,19.89,Fair,Sandy,0,Low
Jigawa,415.0,8.14,131.3,0.58,Fair,Clay,0,Medium
Delta,120.9,3.94,316.1,12.69,Good,Sandy,5,Low
Lagos,52.8,10.92,137.7,19.36,Poor,Clay,2,High
Anambra,372.2,10.56,103.9,2.68,Poor,Loamy,4,High
Bayelsa,80.7,6.85,351.9,22.58,Poor,Sandy,3,Low
Rivers,215.5,6.05,220.3,6.69,Good,Clay,1,Low
Bayelsa,321.6,5.46,115.5,4.35,Poor,Loamy,0,Low
Kwara,144.7,8.93,374.2,14.77,Good,Clay,4,Medium
Bayelsa,83.6,8.55,277.0,4.46,Poor,Loamy,1,Medium
Kwara,358.0,3.56,89.8,17.02,Good,Sandy,4,Low
Benue,302.1,8.55,246.6,12.3,Good,Sandy,5,Low
Rivers,445.4,4.15,348.4,2.84,Fair,Clay,1,Low
Bayelsa,187.7,1.69,279.1,22.82,Good,Sandy,4,Low
Benue,74.7,8.84,99.4,16.86,Poor,Sandy,3,Medium
Niger,343.7,8.27,260.2,13.7,Fair,Loamy,4,Low
Lagos,258.7,5.81,248.4,9.42,Poor,Sandy,4,Low
Benue,135.3,7.02,328.7,3.46,Good,Loamy,0,Low
Lagos,362.7,11.45,72.9,17.72,Fair,Loamy,0,Low
Bayelsa,131.5,7.75,280.5,20.36,Good,Loamy,0,Low
Delta,154.3,8.41,12.9,3.23,Good,Sandy,5,Medium
Benue,87.0,2.17,279.1,12.41,Poor,Clay,4,Medium
Rivers,209.8,3.24,384.3,12.17,Poor,Clay,3,Medium
Bayelsa,217.6,4.66,71.4,8.81,Poor,Sandy,1,Low
Anambra,255.8,7.16,125.9,19.75,Fair,Loamy,0,Low
Kogi,333.6,9.65,234.0,2.58,Poor,Sandy,2,Low
Benue,412.4,4.87,293.5,5.2,Good,Clay,4,Low
Rivers,105.1,5.24,139.1,0.14,Fair,Loamy,3,Medium
Niger,71.7,4.19,266.4,9.39,Poor,Sandy,3,Low
Anambra,57.4,4.17,359.9,7.35,Poor,Loamy,0,Low
Niger,107.4,11.46,291.2,21.69,Poor,Loamy,5,High
Bayelsa,313.2,8.17,285.0,18.67,Good,Clay,0,Low
Kogi,341.0,3.14,154.0,2.2,Poor,Loamy,5,Low
Benue,364.6,9.08,364.7,18.55,Good,Sandy,2,Low
Benue,147.5,9.08,112.4,16.92,Fair,Loamy,2,Medium
Delta,172.4,8.5,83.7,7.11,Poor,Loamy,0,Medium
Delta,243.3,2.91,147.0,0.48,Good,Sandy,1,Low
Bayelsa,75.3,5.78,260.8,2.97,Poor,Clay,0,Low
Bayelsa,294.5,2.62,344.9,6.32,Poor,Clay,0,Medium
Kogi,443.5,10.07,54.6,20.43,Fair,Sandy,3,Medium
Delta,194.3,8.38,325.9,11.69,Fair,Loamy,0,Low
Rivers,351.1,6.83,325.5,22.97,Good,Sandy,0,Low
Rivers,250.0,5.1,235.6,19.75,Good,Sandy,0,Low
Kogi,101.1,3.43,304.7,7.25,Good,Sandy,1,Low
Rivers,282.9,2.62,74.4,21.15,Fair,Clay,3,Medium
Kwara,169.9,11.68,69.5,3.01,Good,Loamy,4,High
Lagos,63.8,3.6,345.4,1.0,Fair,Sandy,4,Low
Kogi,304.0,2.13,200.3,15.25,Fair,Clay,4,Medium
Kogi,393.6,11.6,99.9,8.61,Poor,Clay,4,High
Jigawa,187.9,7.26,276.1,8.3,Poor,Loamy,3,Low
Anambra,206.1,9.86,357.0,17.21,Good,Sandy,0,Low
Anambra,406.4,1.96,253.7,21.27,Fair,Loamy,4,Low
Kwara,375.4,7.45,140.2,8.12,Fair,Sandy,0,Low
Delta,336.0,5.68,194.3,8.19,Fair,Clay,4,Medium
Bayelsa,149.5,9.61,301.4,13.39,Poor,Clay,1,Low
Bayelsa,414.1,1.9,28.9,16.36,Fair,Loamy,0,Low
Niger,111.8,5.72,88.4,5.15,Good,Sandy,3,Low
Kwara,300.7,9.89,186.1,22.83,Good,Loamy,5,Low
Kogi,61.5,6.99,242.5,16.39,Poor,Sandy,1,Low
Kwara,307.5,7.28,137.0,15.67,Good,Loamy,5,Low
Kwara,160.9,2.52,120.8,22.61,Fair,Clay,1,Low
Kwara,229.9,2.89,18.5,22.69,Fair,Loamy,3,Low
Anambra,188.1,8.61,15.0,3.48,Good,Sandy,1,Low
Kwara,119.1,8.59,112.9,3.71,Poor,Loamy,0,Medium
Lagos,298.8,11.78,213.1,19.07,Fair,Sandy,2,Low
Bayelsa,402.8,8.98,223.4,23.93,Fair,Loamy,2,Low
Niger,433.6,6.68,198.6,16.7,Poor,Sandy,4,Low
Lagos,126.9,10.5,165.1,10.34,Fair,Sandy,4,Low
Niger,336.9,2.6,102.4,17.12,Good,Sandy,0,Low
Jigawa,315.7,6.22,161.5,5.8,Good,Loamy,3,Low
Niger,187.4,4.51,57.2,24.95,Poor,Loamy,0,Low
Bayelsa,57.6,2.6,47.9,10.83,Poor,Clay,4,High
Bayelsa,325.9,9.52,121.4,23.3,Good,Sandy,1,Low
Kwara,428.2,6.86,398.1,10.83,Poor,Clay,5,Medium
Benue,302.8,7.35,131.9,23.21,Good,Clay,0,Low
Jigawa,224.1,5.82,374.7,8.46,Poor,Sandy,0,Low
Kogi,260.1,6.33,158.1,19.04,Good,Clay,3,Low
Rivers,129.9,2.72,176.7,23.78,Fair,Loamy,4,Low
Niger,350.2,8.57,319.2,16.18,Fair,Clay,0,Low
Benue,348.6,6.04,39.3,16.97,Good,Loamy,1,Low
Kwara,108.2,10.08,74.6,2.66,Fair,Sandy,5,Medium
Anambra,401.2,3.56,389.6,11.91,Good,Sandy,1,Low
Kogi,157.7,3.65,203.4,22.18,Poor,Sandy,2,Low
Delta,442.9,8.28,19.6,6.1,Fair,Clay,4,High
Benue,203.2,10.38,20.9,19.73,Fair,Sandy,1,Medium
Anambra,121.2,6.46,363.1,16.93,Fair,Sandy,3,Low
Jigawa,190.7,9.13,349.6,5.65,Good,Loamy,5,Low
Kwara,226.1,11.99,184.4,7.14,Fair,Clay,4,Medium
Kogi,77.7,11.9,67.0,10.75,Poor,Clay,1,High
Kogi,281.3,9.32,332.5,3.22,Fair,Sandy,0,Low
Kogi,289.1,9.27,131.2,22.84,Poor,Clay,4,High
Jigawa,345.6,4.1,168.8,18.51,Fair,Sandy,1,Low
Niger,61.7,10.25,273.6,9.19,Fair,Loamy,0,Low
Delta,266.5,5.75,142.7,7.56,Poor,Clay,2,Medium
Jigawa,71.2,11.6,252.2,17.27,Fair,Clay,5,Medium
Rivers,330.5,2.35,354.3,10.66,Poor,Loamy,4,Low
Delta,72.3,6.08,319.4,5.81,Poor,Clay,4,Medium
Bayelsa,414.7,7.34,153.9,10.81,Poor,Sandy,1,Low
Kwara,330.8,5.75,116.6,21.8,Fair,Clay,2,Medium
Jigawa,253.0,3.71,115.6,1.81,Fair,Clay,3,Medium
Anambra,226.6,7.73,140.7,9.27,Poor,Loamy,1,High
Delta,102.3,9.44,198.4,24.06,Fair,Loamy,1,Low
Rivers,166.4,8.27,167.8,0.47,Good,Sandy,3,Low
Bayelsa,397.6,3.96,54.9,22.28,Poor,Clay,3,Medium
Niger,411.8,9.18,67.1,9.43,Poor,Clay,3,High
Anambra,50.3,4.2,138.5,4.82,Good,Loamy,5,Low
Delta,287.7,3.34,225.7,0.47,Good,Sandy,3,Low
Kwara,337.7,8.75,237.9,1.86,Poor,Clay,3,High
Anambra,297.5,10.35,195.5,4.38,Good,Sandy,0,Low
Bayelsa,82.7,6.56,296.0,0.73,Poor,Clay,0,Low
Anambra,137.1,7.08,295.4,8.46,Fair,Loamy,3,Low
Lagos,150.1,4.68,172.2,1.22,Good,Loamy,5,Low
Benue,382.7,6.69,51.5,17.34,Poor,Loamy,5,Medium
Niger,235.3,2.89,213.0,20.49,Poor,Loamy,2,Low
Bayelsa,244.7,11.54,153.8,22.2,Poor,Loamy,5,High
Anambra,424.0,9.9,56.9,13.77,Good,Loamy,2,Medium
Benue,304.8,8.51,392.8,23.67,Fair,Sandy,3,Low
Benue,409.5,7.15,149.2,0.24,Fair,Loamy,5,High
Anambra,232.6,9.82,251.1,3.44,Good,Sandy,0,Low
Kwara,109.8,6.69,197.1,7.4,Poor,Loamy,2,Low
Lagos,422.0,4.65,58.8,19.75,Poor,Clay,0,Medium
Jigawa,233.5,3.18,24.1,22.15,Poor,Clay,1,Medium
Lagos,122.7,8.3,251.1,15.49,Good,Clay,0,Low
Anambra,171.0,11.26,100.3,9.64,Good,Sandy,3,Low
Niger,70.3,3.11,99.0,16.68,Poor,Loamy,5,High
Jigawa,237.3,3.39,382.9,4.6,Poor,Sandy,5,Low
Bayelsa,391.3,6.05,185.8,11.5,Poor,Loamy,4,Medium
Lagos,423.4,9.97,13.7,12.74,Good,Clay,3,High
Anambra,423.0,4.59,137.3,2.71,Good,Sandy,1,Low
Lagos,100.1,4.17,234.6,0.94,Fair,Loamy,5,Medium
Jigawa,202.8,8.01,132.8,18.78,Poor,Sandy,0,Low
Rivers,61.3,7.12,12.7,13.41,Poor,Sandy,2,Low
Delta,392.1,2.13,178.8,8.37,Fair,Clay,3,Low
Lagos,193.5,2.36,44.2,10.99,Poor,Clay,5,High
Bayelsa,302.4,8.25,248.4,23.95,Fair,Clay,2,Medium
Bayelsa,336.0,6.38,248.6,9.68,Good,Clay,0,Low
Kogi,221.9,11.7,17.0,2.68,Fair,Clay,5,High
Lagos,172.6,8.62,117.7,11.64,Fair,Loamy,1,Medium
Delta,434.9,1.61,166.6,16.24,Good,Loamy,3,Low
Kwara,435.8,6.55,221.0,0.4,Poor,Clay,2,Medium
Benue,165.8,5.85,119.8,8.38,Fair,Clay,5,High
Delta,241.9,2.62,116.5,9.9,Fair,Clay,3,Medium
Benue,439.1,11.19,393.2,11.65,Poor,Sandy,5,Medium
Benue,51.9,9.95,18.7,7.61,Fair,Clay,3,High
Rivers,215.1,3.92,395.6,16.71,Good,Loamy,2,Low
Kogi,90.2,4.19,21.0,23.62,Fair,Loamy,1,Low
Delta,253.7,1.84,116.8,22.86,Poor,Sandy,3,Medium
Delta,59.9,4.62,198.5,16.64,Poor,Loamy,1,Low
Rivers,212.8,7.64,59.0,12.72,Fair,Clay,1,Medium
Lagos,138.3,5.92,55.7,20.66,Poor,Sandy,0,Low
Lagos,263.3,11.68,104.0,20.91,Poor,Sandy,5,Medium
Lagos,448.4,2.09,389.5,20.76,Fair,Loamy,2,Low
Niger,370.2,7.71,153.3,4.03,Fair,Clay,0,Low
Benue,388.3,10.51,227.3,0.73,Poor,Clay,4,High
Niger,304.1,6.55,282.3,24.58,Fair,Clay,5,Low
Kogi,66.6,1.53,297.4,24.0,Good,Sandy,0,Low
Rivers,132.7,4.05,275.8,14.15,Fair,Loamy,3,Low
Delta,420.0,4.9,136.1,24.83,Poor,Loamy,3,Low
Benue,196.4,11.64,46.5,19.29,Good,Loamy,3,Medium
Niger,91.5,11.07,114.1,12.98,Poor,Clay,4,High
Niger,331.0,11.47,85.7,9.79,Poor,Sandy,1,Medium
Anambra,169.8,10.17,56.2,14.86,Good,Sandy,3,Low
Niger,157.5,5.19,11.7,12.94,Fair,Loamy,5,Medium
Kwara,449.2,11.01,374.4,24.85,Poor,Loamy,5,High
Delta,393.3,11.81,368.6,12.31,Fair,Sandy,0,Low
Kwara,213.2,5.18,22.1,20.91,Fair,Loamy,1,Low
Delta,442.1,4.24,70.9,20.36,Good,Sandy,0,Low
Rivers,310.0,7.24,57.5,1.88,Poor,Sandy,0,Medium
Delta,346.8,3.47,113.9,2.27,Good,Loamy,3,Low
Kwara,62.6,1.84,83.2,16.53,Good,Sandy,0,Low
Delta,98.6,11.43,378.4,6.55,Poor,Sandy,4,Low
Rivers,303.2,11.22,35.5,16.47,Poor,Loamy,5,High
Rivers,409.6,3.21,86.2,3.7,Good,Loamy,5,Low
Kogi,299.5,5.78,34.1,9.99,Good,Loamy,5,Low
Delta,103.6,10.23,392.2,2.65,Good,Sandy,1,Low
Anambra,96.3,8.44,367.5,7.12,Poor,Loamy,3,Medium
Lagos,387.7,5.65,287.2,2.3,Poor,Loamy,3,Medium
Bayelsa,105.7,9.31,171.5,24.27,Good,Sandy,0,Low
Rivers,258.1,10.92,77.7,9.94,Poor,Sandy,0,Medium
Jigawa,64.8,11.22,90.2,22.54,Poor,Loamy,2,High
Lagos,82.3,5.48,178.3,24.28,Poor,Loamy,2,Low
Benue,318.9,3.32,307.8,22.75,Fair,Sandy,3,Low
Delta,325.7,11.08,107.4,11.43,Fair,Sandy,3,Medium
Kwara,186.6,2.47,125.7,19.49,Good,Clay,0,Low
Bayelsa,136.2,9.08,240.8,3.93,Fair,Sandy,4,Low
Jigawa,375.5,2.98,96.6,2.46,Good,Sandy,4,Low
Lagos,136.8,5.59,234.5,21.93,Good,Clay,5,Medium
Delta,266.8,5.82,156.1,0.87,Poor,Loamy,0,Low
Kogi,437.3,3.17,15.7,24.31,Good,Clay,2,Medium
Benue,109.1,11.19,162.3,16.84,Good,Sandy,2,Low
Bayelsa,426.4,1.53,368.0,10.55,Good,Clay,4,Low
Anambra,123.2,10.88,118.7,3.62,Good,Clay,3,Medium
Kogi,277.0,10.78,130.5,18.11,Poor,Clay,0,High
Jigawa,200.8,4.83,28.2,14.12,Poor,Clay,5,High
Bayelsa,436.0,8.89,246.8,17.81,Good,Clay,5,Medium
Kogi,159.4,4.15,340.0,10.51,Fair,Clay,3,Low
Benue,209.9,9.47,142.5,1.75,Fair,Loamy,2,High
Anambra,443.1,7.39,97.6,7.94,Good,Clay,4,Medium
Kogi,264.6,4.65,382.7,7.94,Poor,Clay,3,Low
Niger,251.1,5.7,298.5,0.32,Good,Clay,2,Low
Anambra,153.1,8.74,227.7,0.34,Good,Clay,2,Low
Jigawa,330.5,11.01,123.6,8.34,Poor,Sandy,5,High
Benue,55.7,2.87,89.9,18.22,Fair,Clay,2,Medium
Delta,69.8,7.5,286.9,15.64,Good,Clay,3,Low
Kwara,289.7,4.16,209.7,6.05,Poor,Clay,1,Medium
Kwara,186.7,9.91,209.2,15.11,Poor,Loamy,4,Medium
Kwara,431.3,2.24,31.3,16.22,Good,Clay,2,Low
Bayelsa,411.3,8.73,205.9,13.11,Poor,Sandy,3,Medium
Jigawa,335.5,3.34,329.5,13.08,Good,Loamy,5,Low
Benue,377.3,7.76,378.8,9.31,Fair,Sandy,0,Low
Anambra,316.9,10.27,44.5,3.17,Good,Loamy,5,High
Bayelsa,100.2,9.43,253.2,9.7,Fair,Loamy,4,Low
Jigawa,356.2,9.41,228.2,8.7,Poor,Clay,0,Medium
Delta,134.1,6.94,356.3,14.84,Good,Clay,0,Low
Niger,179.4,10.85,301.0,21.42,Poor,Loamy,5,Medium
Benue,377.7,7.68,386.2,9.45,Good,Clay,3,Low
Kwara,264.6,11.13,384.1,17.77,Poor,Clay,5,High
Kogi,394.0,7.24,91.8,20.31,Fair,Loamy,1,Low
Benue,135.2,6.81,290.7,5.37,Good,Loamy,3,Low
Rivers,293.1,3.83,213.1,22.55,Poor,Sandy,3,Low
Jigawa,83.5,7.22,87.4,1.85,Good,Loamy,4,Medium
Lagos,307.2,2.98,79.6,22.55,Good,Sandy,3,Low
Delta,355.0,10.63,34.3,4.17,Fair,Sandy,4,Medium
Niger,284.0,8.6,318.6,8.5,Poor,Clay,2,Medium
Delta,156.5,11.93,131.2,15.17,Good,Clay,4,Medium
Benue,62.5,2.47,343.1,22.65,Good,Loamy,3,Low
Lagos,97.8,4.03,244.1,6.47,Good,Loamy,2,Low
Rivers,298.9,10.71,270.1,19.11,Good,Sandy,2,Low
Anambra,423.8,5.65,118.1,17.79,Good,Sandy,1,Low
Kogi,132.6,6.4,184.0,4.08,Poor,Clay,5,Medium
Lagos,344.0,10.54,166.1,12.04,Good,Loamy,3,Low
Jigawa,396.6,6.98,95.8,12.09,Good,Loamy,0,Low
Kwara,258.4,3.53,333.3,7.68,Good,Loamy,5,Low
Rivers,317.7,10.87,249.6,19.52,Poor,Loamy,3,Medium
Kogi,376.0,1.83,16.9,23.16,Good,Clay,0,Medium
Niger,154.3,10.9,328.3,17.94,Good,Clay,5,Medium
Kwara,168.8,2.03,44.2,24.33,Fair,Sandy,1,Low
Benue,50.3,8.49,162.7,1.36,Fair,Clay,3,Medium
Lagos,435.2,2.25,229.4,1.03,Good,Sandy,5,Low
Kogi,417.0,8.92,5.0,22.36,Good,Clay,1,High
Bayelsa,355.8,1.86,261.9,22.46,Fair,Clay,0,Low
Anambra,81.6,10.35,264.6,2.77,Poor,Loamy,4,Medium
Anambra,229.0,6.39,261.7,9.0,Poor,Sandy,3,Low
Rivers,90.8,2.48,67.1,20.9,Fair,Sandy,2,Low
Niger,56.4,8.92,103.8,3.3,Good,Sandy,2,Low
Rivers,296.5,6.64,100.5,6.76,Fair,Clay,1,Low
Bayelsa,434.3,3.5,384.1,17.06,Poor,Loamy,4,Low
Jigawa,411.1,1.66,28.9,24.55,Fair,Clay,2,Medium
Niger,328.7,5.89,172.6,19.95,Poor,Loamy,2,Low
Delta,88.7,2.4,348.8,19.46,Good,Clay,3,Low
Jigawa,159.7,2.49,308.2,8.63,Good,Sandy,2,Low
Niger,178.0,4.31,329.3,16.57,Good,Clay,0,Low
Niger,355.3,8.12,389.0,2.92,Poor,Sandy,1,Medium
Bayelsa,370.9,7.06,156.1,24.81,Fair,Loamy,5,Low
Benue,204.0,2.22,125.2,12.07,Good,Sandy,2,Low
Bayelsa,217.2,11.67,14.2,16.01,Poor,Sandy,3,High
Niger,67.8,10.82,61.7,21.92,Good,Sandy,5,High
Kogi,165.7,4.22,225.7,0.12,Fair,Sandy,0,Low
Jigawa,230.5,2.78,64.7,24.4,Good,Loamy,5,Medium
Bayelsa,96.8,11.4,295.0,9.04,Poor,Clay,2,Medium
Benue,231.3,6.34,16.8,8.56,Poor,Clay,1,Medium
Lagos,391.3,4.77,105.3,3.71,Good,Clay,1,Low
Rivers,282.5,6.65,278.8,21.47,Good,Clay,1,Low
Niger,81.6,9.61,103.7,21.78,Poor,Sandy,2,Medium
Delta,126.7,3.27,292.0,0.6,Good,Loamy,0,Low
Lagos,239.8,9.56,398.4,1.49,Good,Loamy,4,Medium
Anambra,194.6,9.37,319.2,22.97,Good,Clay,5,Medium
Kwara,193.5,7.16,138.1,3.16,Fair,Clay,1,Low
Benue,261.7,10.59,360.4,15.56,Fair,Loamy,0,Low
Delta,283.8,2.89,22.4,15.53,Fair,Loamy,3,Medium
Kwara,368.7,7.75,290.6,21.76,Good,Sandy,3,Low
Benue,186.4,6.22,11.3,14.36,Poor,Loamy,0,Low
Kogi,372.2,5.93,71.5,10.91,Good,Loamy,3,Low
Rivers,185.4,4.15,395.1,24.36,Good,Sandy,3,Low
Lagos,72.2,5.41,145.6,5.8,Fair,Sandy,1,Low
Jigawa,271.7,2.64,328.6,6.64,Poor,Sandy,2,Low
Benue,285.2,4.14,151.7,2.21,Fair,Loamy,2,Low
Jigawa,423.8,4.36,336.3,24.39,Poor,Loamy,2,Medium
Rivers,340.4,9.07,386.2,17.69,Good,Loamy,2,Low
Niger,417.1,2.01,175.3,0.4,Good,Sandy,0,Low
Anambra,413.3,8.34,224.6,17.64,Good,Loamy,1,Low
Lagos,291.8,3.82,252.2,10.16,Poor,Loamy,0,Low
Rivers,261.1,2.36,374.1,24.19,Fair,Sandy,5,Low
Rivers,273.0,4.66,104.2,7.01,Fair,Clay,5,High
Kogi,441.3,3.86,245.3,17.79,Fair,Clay,3,Medium
Kwara,359.3,7.3,131.2,15.72,Poor,Loamy,1,Medium
Anambra,92.5,5.25,88.3,0.4,Poor,Sandy,4,Medium
Lagos,361.4,11.64,35.8,22.14,Good,Sandy,2,Low
Niger,118.2,11.62,249.0,3.58,Fair,Loamy,5,Low
Niger,228.9,6.16,353.1,16.62,Poor,Loamy,5,Low
Bayelsa,134.2,9.85,141.9,19.41,Fair,Clay,3,High
Rivers,325.8,1.64,222.0,15.81,Fair,Sandy,2,Low
Benue,400.9,7.25,257.6,2.52,Poor,Loamy,2,Low
Kogi,166.1,9.3,167.0,24.38,Poor,Sandy,2,Medium
Anambra,82.8,3.78,361.5,6.0,Good,Loamy,5,Low
Niger,169.4,2.14,146.4,15.73,Good,Clay,4,Medium
Lagos,318.9,3.14,51.8,19.95,Good,Loamy,3,Low
Bayelsa,181.5,6.14,59.3,23.49,Fair,Clay,2,Medium
Lagos,161.2,6.82,356.6,15.14,Fair,Clay,2,Low
Kogi,123.8,5.5,395.2,6.55,Good,Loamy,1,Low
Benue,249.0,6.12,117.0,20.93,Fair,Loamy,2,Low
Bayelsa,160.4,6.44,59.2,4.16,Fair,Clay,1,Low
Bayelsa,342.4,9.58,193.9,0.65,Fair,Sandy,3,Low
Kwara,80.6,2.61,284.4,22.71,Fair,Sandy,3,Low
Anambra,315.6,9.57,245.7,14.43,Poor,Clay,3,High
Bayelsa,145.0,8.73,380.5,1.83,Poor,Clay,1,Medium
Kwara,245.7,9.29,327.5,14.54,Good,Loamy,5,Low
Kwara,164.4,9.21,347.9,3.71,Good,Loamy,5,Low
Kogi,339.1,6.44,217.6,0.88,Fair,Clay,4,Low
Jigawa,428.1,3.72,132.3,3.0,Fair,Clay,4,Medium
Lagos,416.8,7.13,281.3,19.4,Poor,Sandy,5,Low
Benue,283.4,11.56,176.7,18.92,Fair,Sandy,5,Medium
Delta,235.0,7.68,116.5,15.15,Fair,Sandy,2,Medium
Lagos,377.3,1.62,62.6,5.31,Good,Clay,3,Medium
Bayelsa,323.3,2.13,212.1,18.5,Fair,Clay,5,Medium
Benue,123.4,11.93,238.5,10.26,Poor,Sandy,0,Low
Niger,378.4,2.26,228.4,12.82,Fair,Sandy,5,Low
Jigawa,221.6,1.98,48.4,22.45,Fair,Loamy,2,Low
Niger,125.6,5.21,228.9,11.5,Fair,Loamy,5,Low
Niger,162.7,11.68,69.0,15.7,Fair,Clay,4,High
Anambra,157.0,4.85,266.2,24.05,Fair,Loamy,4,Low
Lagos,257.7,5.8,172.9,11.34,Poor,Clay,3,Low
Delta,143.7,8.16,339.8,14.06,Good,Clay,1,Low
Kogi,99.4,1.75,311.7,14.65,Fair,Clay,2,Low
Delta,99.5,10.93,290.3,6.09,Good,Sandy,1,Low
Niger,283.3,6.95,280.9,18.45,Good,Loamy,4,Low
Bayelsa,343.9,6.4,225.1,18.19,Poor,Loamy,3,Low
Jigawa,178.6,10.54,26.3,5.42,Good,Loamy,4,Medium
Rivers,63.9,11.51,262.9,0.43,Fair,Loamy,3,Medium
Delta,100.9,5.95,187.8,24.97,Fair,Sandy,5,Low
Niger,415.9,3.31,188.9,14.58,Fair,Loamy,0,Low
Jigawa,247.4,10.06,152.9,4.61,Fair,Loamy,1,Low
Benue,231.4,5.73,371.8,7.16,Poor,Sandy,2,Low
Lagos,65.2,11.32,101.3,15.48,Good,Loamy,3,Medium
Kwara,341.5,11.47,128.0,3.53,Poor,Loamy,5,High
Anambra,261.2,2.71,385.3,1.03,Good,Sandy,5,Low
Jigawa,130.8,11.54,324.4,19.98,Poor,Sandy,0,Low
Bayelsa,94.0,5.37,7.6,17.92,Poor,Sandy,5,Medium
Bayelsa,203.4,8.29,362.6,7.81,Poor,Sandy,5,Medium
Jigawa,384.9,1.86,92.2,1.56,Fair,Clay,0,Medium
Bayelsa,396.1,10.83,283.0,12.21,Fair,Sandy,1,Low
Lagos,291.1,8.24,222.1,6.98,Poor,Loamy,5,Medium
Bayelsa,341.0,8.26,215.7,10.0,Good,Loamy,3,Low
Delta,96.1,10.97,287.7,6.92,Good,Loamy,2,Low
Kwara,285.3,6.84,84.5,4.46,Fair,Loamy,2,Low
Bayelsa,316.8,5.81,65.3,9.74,Poor,Clay,2,High
Kwara,130.3,10.59,261.5,24.13,Fair,Clay,4,Medium
Niger,402.1,9.3,117.7,6.73,Fair,Clay,4,High
Kogi,128.0,11.46,389.6,8.47,Fair,Loamy,3,Low
Lagos,175.4,11.37,181.7,8.3,Poor,Loamy,5,Medium
Kogi,298.2,5.51,46.4,12.06,Poor,Sandy,5,Medium
Niger,305.3,6.19,275.0,21.1,Fair,Sandy,2,Low
Lagos,329.8,4.19,123.9,10.11,Poor,Loamy,0,Medium
Jigawa,94.8,8.44,61.1,20.17,Good,Sandy,5,Medium
Jigawa,389.8,5.33,170.3,2.96,Good,Sandy,2,Low
Kwara,263.1,9.75,385.8,22.38,Fair,Loamy,3,Medium
Niger,238.5,2.78,165.7,4.71,Good,Clay,2,Low
Kwara,442.4,2.72,140.2,1.08,Fair,Loamy,1,Medium
Anambra,346.2,3.65,178.9,4.04,Fair,Loamy,2,Low
Bayelsa,97.2,2.39,6.8,4.85,Fair,Sandy,5,Medium
Rivers,352.6,8.01,55.0,12.76,Poor,Sandy,5,High
Anambra,88.1,3.05,340.2,11.3,Poor,Loamy,0,Low
Bayelsa,61.0,3.18,391.3,17.93,Poor,Clay,3,Medium
Lagos,211.5,1.65,64.9,1.37,Poor,Loamy,3,Medium
Kwara,447.4,9.71,215.1,12.49,Fair,Clay,0,Low
Lagos,120.0,10.03,386.6,8.38,Poor,Clay,3,Medium
Lagos,319.1,3.2,64.3,15.8,Good,Loamy,2,Low
Bayelsa,119.4,9.27,76.2,1.19,Good,Loamy,3,Medium
Niger,339.9,6.05,370.9,0.97,Poor,Loamy,2,Medium
Bayelsa,252.1,4.02,282.9,10.74,Good,Clay,3,Low
Benue,322.0,8.02,62.5,20.3,Good,Sandy,5,Medium
Jigawa,131.1,3.37,158.6,16.81,Poor,Clay,2,Medium
Jigawa,348.3,9.45,24.4,0.52,Fair,Clay,2,High
Anambra,448.2,2.0,174.2,4.54,Fair,Clay,5,Low
Jigawa,316.3,11.57,311.6,5.75,Fair,Sandy,0,Low
Bayelsa,247.4,2.25,222.5,10.63,Poor,Clay,0,Low
Delta,419.3,7.58,259.7,14.71,Fair,Clay,5,Medium
Kwara,56.3,10.97,132.1,5.49,Fair,Clay,4,High
Bayelsa,342.0,1.62,66.2,9.62,Good,Sandy,0,Low
Bayelsa,405.5,6.73,7.2,14.64,Fair,Clay,2,High
Rivers,74.7,5.18,328.9,9.65,Poor,Sandy,2,Low
Kwara,230.0,7.59,255.4,3.66,Fair,Sandy,3,Low
Benue,131.9,3.87,93.3,12.34,Good,Loamy,3,Low
Jigawa,276.6,2.18,168.5,8.17,Good,Loamy,4,Low
Kwara,309.8,8.07,321.0,21.62,Good,Loamy,2,Low
Jigawa,171.0,5.88,216.4,19.41,Good,Sandy,4,Low
Anambra,234.0,8.04,121.5,4.84,Fair,Loamy,2,High
Kwara,161.7,3.71,108.3,3.9,Good,Loamy,0,Low
Jigawa,197.8,5.06,88.6,8.76,Good,Loamy,3,Low
Benue,113.8,7.4,329.8,10.36,Good,Sandy,5,Low
Kogi,404.2,7.73,233.6,23.31,Fair,Clay,5,Medium
Lagos,54.0,5.41,284.2,7.61,Poor,Loamy,4,Medium
Lagos,403.0,4.44,344.3,21.7,Good,Loamy,1,Low
Benue,278.7,4.37,394.8,12.68,Good,Loamy,5,Low
Rivers,182.7,3.33,101.3,22.15,Good,Loamy,2,Low
Kogi,339.2,4.92,74.0,17.58,Fair,Sandy,0,Low
Anambra,253.1,3.59,185.9,17.74,Fair,Clay,1,Low
Benue,249.6,8.16,16.0,13.02,Good,Clay,0,Medium
Lagos,94.1,7.48,317.1,21.02,Poor,Loamy,0,Low
Lagos,205.8,5.52,353.7,6.44,Good,Clay,2,Low
Lagos,146.4,4.92,275.0,22.69,Poor,Loamy,0,Low
Niger,56.3,3.99,108.7,15.96,Poor,Loamy,4,Medium
Benue,194.0,7.12,51.0,11.02,Fair,Clay,1,Medium
Bayelsa,85.9,11.15,154.1,24.56,Fair,Clay,0,Low
Anambra,152.7,8.7,333.7,21.56,Fair,Sandy,5,Low
Lagos,87.0,9.32,140.4,19.32,Poor,Loamy,5,High
Jigawa,90.4,10.26,15.6,6.92,Poor,Clay,0,High
Benue,129.6,5.19,111.2,24.35,Poor,Sandy,3,Medium
Niger,449.9,2.16,396.0,18.6,Fair,Clay,3,Low
Benue,50.9,8.04,271.3,15.17,Fair,Clay,4,Medium
Anambra,305.5,3.48,360.5,23.05,Fair,Loamy,5,Low
Niger,106.5,7.47,310.4,4.14,Good,Sandy,3,Low
Anambra,418.3,9.26,216.8,3.56,Poor,Loamy,0,Low
Benue,87.5,9.73,61.2,14.14,Poor,Clay,5,High
Bayelsa,432.0,4.67,140.8,1.51,Good,Sandy,0,Low
Anambra,294.4,6.88,234.3,16.63,Poor,Loamy,1,Low
Niger,50.5,8.02,348.5,6.09,Poor,Sandy,5,Medium
Niger,407.6,10.1,108.9,3.06,Good,Clay,3,Medium
Anambra,258.7,9.49,50.2,10.3,Poor,Sandy,2,High
Delta,155.1,11.87,224.4,11.7,Fair,Clay,3,Medium
Benue,356.9,1.58,72.2,4.35,Good,Loamy,0,Low
Delta,420.7,6.09,244.9,1.13,Poor,Clay,1,Low
Rivers,243.5,4.19,106.9,10.41,Fair,Clay,3,Medium
Benue,176.2,2.76,93.9,19.01,Poor,Sandy,1,Low
Anambra,365.6,11.07,160.9,21.87,Good,Sandy,3,Low
Kogi,322.7,11.98,238.1,2.53,Fair,Loamy,4,Low
Anambra,405.5,3.4,219.0,13.16,Poor,Sandy,0,Low
Delta,327.0,1.9,99.4,6.66,Good,Loamy,0,Low
Bayelsa,147.4,4.39,356.7,9.43,Poor,Clay,2,Low
Anambra,422.7,10.27,45.7,23.34,Poor,Clay,0,Medium
Anambra,91.9,4.59,17.7,8.87,Fair,Sandy,2,Low
Bayelsa,157.2,2.1,241.9,9.2,Poor,Clay,0,Low
Anambra,258.1,2.05,51.1,5.31,Good,Clay,3,Medium
Lagos,276.3,5.99,202.9,24.0,Good,Loamy,3,Low
Kogi,56.1,11.28,380.8,11.47,Fair,Sandy,4,Low
Jigawa,362.2,4.5,280.0,14.3,Fair,Loamy,3,Low
Kogi,194.6,5.99,247.7,11.38,Poor,Clay,1,Low
Anambra,212.6,2.57,230.8,6.4,Good,Clay,3,Low
Lagos,373.7,6.68,73.5,20.28,Fair,Clay,2,Low
Benue,201.7,8.81,174.2,0.81,Poor,Sandy,5,Medium
Anambra,68.9,4.35,138.3,17.29,Poor,Clay,4,High
Delta,120.6,4.62,381.3,14.9,Good,Clay,5,Low
Lagos,432.4,10.34,98.4,3.69,Good,Loamy,5,Medium
Bayelsa,78.2,1.61,189.7,4.23,Poor,Sandy,1,Low
Lagos,192.0,8.18,375.4,16.51,Good,Clay,1,Low
Bayelsa,251.3,5.64,316.1,7.87,Poor,Loamy,0,Low
Rivers,247.3,4.63,385.9,6.72,Poor,Clay,2,Low
Jigawa,51.6,8.4,244.1,1.57,Good,Loamy,5,Low
Kwara,250.5,10.26,134.8,19.19,Fair,Clay,3,Medium
Lagos,203.5,7.36,331.0,22.08,Poor,Sandy,3,Low
Niger,438.8,1.83,118.0,20.51,Good,Sandy,0,Low
Delta,113.7,6.34,67.6,11.7,Poor,Loamy,3,Medium
Anambra,191.7,6.36,283.1,13.4,Poor,Clay,1,Low
Delta,217.8,7.21,256.3,6.13,Poor,Sandy,3,Low
Kogi,206.3,8.55,351.8,4.4,Good,Clay,5,Low
Kwara,316.3,1.7,384.8,20.59,Good,Sandy,3,Low
Kogi,136.2,6.77,343.2,19.98,Good,Loamy,1,Low
Rivers,138.4,7.68,25.9,19.46,Fair,Sandy,2,Medium
Kwara,341.7,5.11,266.5,11.64,Poor,Clay,5,Medium
Kwara,250.1,8.52,314.3,21.63,Fair,Clay,2,Medium
Kogi,216.1,3.9,392.8,23.16,Poor,Clay,1,Low
Bayelsa,117.7,4.83,151.1,8.28,Good,Loamy,1,Low
Kogi,125.0,11.61,69.6,5.69,Poor,Loamy,5,High
Delta,54.2,5.15,341.5,11.66,Poor,Clay,4,Medium
Bayelsa,86.6,5.14,128.4,4.57,Poor,Clay,4,High
Delta,272.7,7.75,240.1,22.11,Fair,Sandy,3,Low
Rivers,406.7,11.7,157.2,8.52,Good,Sandy,5,Low
Anambra,164.9,11.82,162.1,14.45,Good,Sandy,5,Low
Benue,181.1,7.59,293.5,14.91,Poor,Clay,3,Medium
Bayelsa,96.2,1.51,145.9,12.92,Good,Sandy,4,Low
Rivers,205.5,10.96,277.8,4.0,Fair,Clay,3,Medium
Niger,64.9,7.49,7.7,24.78,Fair,Loamy,2,Medium
Rivers,417.0,5.34,131.2,4.4,Good,Sandy,2,Low
Kogi,319.2,10.21,129.0,18.81,Fair,Clay,0,Medium
Kogi,446.3,5.7,300.0,19.8,Fair,Clay,4,Medium
Benue,403.1,1.86,127.2,3.71,Good,Loamy,2,Low
Rivers,239.2,10.12,254.1,23.34,Good,Loamy,0,Low
Jigawa,257.9,7.23,276.0,12.25,Poor,Loamy,1,Low
Anambra,126.2,5.05,264.1,15.76,Poor,Loamy,5,Low
Kogi,234.8,4.13,242.1,16.09,Fair,Sandy,2,Low
Benue,411.2,7.73,166.6,12.67,Good,Loamy,0,Low
Anambra,70.3,3.68,150.6,3.64,Fair,Clay,3,Low
Rivers,395.4,4.9,226.7,18.82,Good,Clay,5,Low
Rivers,186.4,8.18,27.4,14.59,Fair,Clay,0,Low
Kwara,409.8,10.76,350.6,3.06,Fair,Clay,2,Low
Benue,426.4,7.1,330.5,17.54,Fair,Clay,3,Low
Kogi,318.3,9.47,139.9,17.6,Poor,Loamy,3,Medium
Jigawa,315.8,9.51,227.6,13.76,Good,Clay,0,Low
Rivers,231.1,8.48,373.0,2.35,Fair,Loamy,0,Low
Jigawa,384.2,4.08,110.1,8.88,Poor,Loamy,2,Medium
Rivers,434.6,10.6,297.5,1.37,Fair,Loamy,3,Medium
Kogi,360.0,6.08,34.9,11.99,Fair,Loamy,4,Low
Anambra,298.8,1.96,210.3,22.67,Good,Sandy,0,Low
Lagos,292.7,4.07,353.8,0.16,Fair,Sandy,4,Low
Anambra,389.8,9.54,221.6,6.74,Good,Sandy,4,Low
Rivers,266.5,2.23,247.3,20.02,Poor,Sandy,3,Low
Delta,371.5,3.05,363.2,0.35,Poor,Sandy,2,Low
Lagos,253.6,8.79,286.7,0.35,Fair,Clay,4,Medium
Lagos,75.0,10.87,279.0,15.31,Poor,Sandy,2,Low
Jigawa,203.6,8.15,235.4,19.75,Good,Clay,0,Low
Benue,227.8,3.83,253.9,19.43,Good,Clay,3,Low
Jigawa,106.6,2.06,321.9,19.51,Poor,Loamy,1,Low
Jigawa,91.0,7.96,391.7,9.09,Good,Loamy,3,Low
Delta,264.2,2.0,318.5,22.08,Good,Loamy,1,Low
Anambra,84.1,7.93,283.6,0.42,Fair,Sandy,5,Medium
Anambra,171.2,3.87,55.9,7.87,Fair,Clay,0,Medium
Niger,347.8,11.0,327.2,8.5,Good,Sandy,2,Low
Rivers,435.8,6.49,294.9,4.22,Poor,Loamy,0,Low
Delta,337.1,3.85,308.6,8.47,Good,Loamy,3,Low
Niger,447.1,10.46,94.0,14.69,Fair,Clay,1,High
Kogi,329.3,4.17,361.6,13.05,Poor,Clay,5,Medium
Rivers,167.5,4.72,40.7,8.05,Good,Loamy,1,Low
Rivers,318.8,10.26,102.9,18.76,Poor,Sandy,3,Medium
Kwara,330.9,4.74,265.9,17.9,Poor,Sandy,3,Low
Kwara,198.7,5.81,270.1,7.09,Poor,Clay,0,Low
Bayelsa,57.1,5.15,126.7,8.15,Good,Loamy,4,Low
Bayelsa,331.3,2.72,281.2,7.26,Fair,Sandy,1,Low
Jigawa,58.7,1.91,156.4,3.31,Poor,Clay,3,Medium
Kogi,302.5,9.11,2.1,18.84,Poor,Clay,0,High
Lagos,115.4,8.27,66.7,1.25,Good,Clay,4,High
Lagos,276.2,4.46,353.3,3.85,Fair,Sandy,2,Low
Kwara,251.6,4.6,90.6,2.72,Fair,Clay,3,Medium
Kwara,55.4,11.42,46.9,20.65,Good,Sandy,4,Low
Kwara,195.1,11.87,273.5,1.2,Poor,Clay,2,Medium
Delta,290.4,6.47,177.4,16.65,Good,Sandy,5,Low
Benue,389.4,9.93,319.0,1.21,Fair,Loamy,2,Medium
Bayelsa,405.5,9.24,344.9,19.68,Poor,Sandy,0,Low
Delta,243.5,4.62,338.7,22.83,Poor,Loamy,1,Low
Anambra,341.4,2.11,126.6,12.22,Fair,Clay,3,Medium
Lagos,176.6,3.0,203.2,20.13,Poor,Sandy,4,Low
Rivers,186.9,10.3,260.8,17.69,Good,Clay,5,Medium
Bayelsa,127.8,9.18,130.1,19.91,Fair,Loamy,5,Medium
Niger,274.8,8.48,18.4,19.19,Fair,Clay,2,High
Anambra,175.8,2.87,199.3,5.21,Poor,Clay,5,Medium
Bayelsa,83.7,8.22,7.1,12.54,Fair,Clay,1,Medium
Delta,324.0,9.61,380.4,24.01,Good,Loamy,2,Low
Kogi,333.1,10.54,319.1,8.65,Fair,Loamy,3,Low
Rivers,194.0,1.64,78.4,24.27,Poor,Sandy,3,Medium
Bayelsa,80.7,8.69,116.5,14.62,Fair,Sandy,5,Medium
Benue,220.5,1.7,393.2,11.59,Poor,Sandy,0,Low
Kwara,226.9,8.92,150.7,16.48,Poor,Sandy,3,Medium
Kwara,317.5,8.17,313.9,20.41,Good,Clay,3,Low
Rivers,176.2,3.06,179.8,9.92,Fair,Loamy,3,Low
Delta,323.0,9.54,345.9,0.92,Good,Loamy,1,Low
Kwara,398.6,2.22,282.1,17.75,Good,Clay,4,Low
Bayelsa,145.0,10.18,11.1,23.91,Fair,Sandy,4,Medium
Niger,441.6,4.25,119.2,15.66,Good,Loamy,5,Low
Lagos,204.5,8.73,224.1,4.79,Good,Clay,3,Medium
Lagos,156.9,11.2,370.6,6.28,Poor,Clay,4,Medium
Anambra,218.6,5.07,42.6,22.75,Good,Sandy,5,Low
Jigawa,87.8,6.78,241.3,0.44,Fair,Sandy,3,Low
Kogi,100.3,6.36,122.3,13.76,Poor,Loamy,4,Medium
Rivers,215.8,3.15,356.0,4.05,Good,Loamy,4,Low
Anambra,355.0,7.7,306.5,7.14,Good,Sandy,5,Low
Jigawa,410.1,9.3,149.1,7.74,Fair,Loamy,2,Low
Delta,315.9,11.13,68.5,5.56,Good,Sandy,5,Medium
Benue,92.1,10.43,6.6,19.83,Fair,Clay,1,Medium
Benue,318.8,6.86,249.2,8.37,Good,Clay,2,Low
Kogi,304.2,9.05,163.6,8.7,Good,Clay,2,Low
Kwara,372.3,9.91,127.3,11.38,Fair,Loamy,4,High
Bayelsa,380.1,6.68,394.2,22.57,Poor,Sandy,0,Low
Anambra,397.3,2.71,187.5,17.24,Fair,Clay,0,Low
Anambra,215.7,6.1,300.4,1.64,Poor,Clay,1,Low
Rivers,329.1,10.35,72.6,1.08,Poor,Loamy,3,High
Rivers,157.3,7.76,7.4,14.2,Fair,Loamy,4,High
Benue,449.7,9.11,168.2,22.19,Fair,Clay,1,Medium
Benue,120.1,3.45,266.9,8.15,Good,Loamy,2,Low
Niger,54.0,11.63,203.6,6.27,Good,Loamy,4,Low
Niger,109.5,5.74,356.4,18.73,Poor,Loamy,2,Low
Kwara,360.3,8.36,174.7,15.09,Good,Loamy,1,Low
Niger,228.7,1.7,125.8,14.17,Fair,Sandy,0,Low
Bayelsa,229.0,2.84,366.6,3.82,Poor,Loamy,1,Low
Bayelsa,432.0,9.71,163.9,4.48,Good,Loamy,5,Low
Anambra,417.9,11.66,109.3,7.12,Good,Sandy,4,Medium
Lagos,174.5,4.86,40.9,5.25,Fair,Loamy,4,Medium
Bayelsa,133.6,1.89,317.7,24.29,Fair,Loamy,3,Low
Jigawa,389.4,5.29,330.4,0.56,Good,Clay,0,Low
Benue,412.4,1.68,15.3,15.69,Poor,Clay,4,High
Rivers,266.6,3.52,144.7,12.99,Poor,Clay,0,Medium
Niger,301.8,9.4,300.5,8.15,Fair,Sandy,4,Low
Anambra,152.8,11.34,378.7,22.2,Fair,Loamy,0,Low
Kogi,370.3,2.42,152.4,16.79,Fair,Sandy,5,Low
Rivers,302.8,7.36,349.1,24.96,Good,Sandy,1,Low
Jigawa,251.4,4.17,158.7,4.3,Good,Loamy,0,Low
Niger,74.0,2.96,73.4,2.29,Fair,Loamy,2,Medium
Jigawa,416.4,3.8,3.4,3.57,Poor,Clay,5,High
Benue,296.2,7.57,133.4,6.81,Fair,Loamy,1,Medium
Benue,127.1,2.18,152.6,10.48,Fair,Sandy,4,Low
Kwara,292.6,6.06,378.2,21.58,Poor,Clay,4,Medium
Anambra,321.0,2.92,84.0,7.16,Poor,Sandy,3,Medium
Rivers,260.3,4.36,154.1,22.89,Poor,Loamy,5,Medium
Delta,337.2,3.5,12.0,11.63,Poor,Clay,2,High
Delta,282.6,10.77,305.9,16.21,Good,Loamy,5,Medium
Rivers,429.1,8.93,366.2,6.68,Good,Clay,3,Low
Kogi,71.5,10.62,96.7,3.98,Fair,Clay,5,High
Anambra,92.5,5.53,172.7,21.75,Good,Clay,1,Low
Jigawa,119.5,4.79,50.6,2.83,Fair,Loamy,3,Medium
Kogi,326.1,5.5,183.8,19.37,Fair,Clay,1,Low
Lagos,308.2,1.69,55.1,14.57,Poor,Clay,3,Medium
Rivers,406.8,9.11,210.3,21.54,Poor,Loamy,0,Low
Jigawa,343.2,5.17,294.4,17.97,Good,Sandy,1,Low
Delta,253.3,4.79,222.2,7.11,Good,Loamy,1,Low
Bayelsa,446.7,7.78,99.6,14.4,Good,Loamy,0,Low
Kwara,156.4,6.08,142.8,0.43,Good,Clay,0,Low
Delta,383.3,11.8,256.2,11.93,Poor,Loamy,2,Low
Anambra,220.7,5.24,236.7,2.24,Poor,Loamy,0,Low
Benue,309.5,7.95,56.4,10.78,Good,Loamy,3,Medium
Bayelsa,340.9,4.77,338.3,2.83,Fair,Clay,0,Low
Kwara,303.5,11.9,191.1,23.89,Poor,Loamy,0,Low
Kwara,106.2,6.17,66.6,13.12,Poor,Clay,1,High
Lagos,227.2,8.16,50.9,22.84,Poor,Loamy,1,High
Lagos,274.6,2.83,386.3,0.66,Poor,Clay,5,Medium
Niger,389.6,9.2,114.1,15.98,Good,Clay,0,Low
Delta,227.5,4.33,363.6,7.74,Good,Loamy,2,Low
Delta,417.5,6.21,165.4,10.85,Fair,Sandy,1,Low
Delta,226.1,10.77,155.6,21.84,Poor,Loamy,3,Medium
Niger,269.5,11.69,281.0,24.5,Good,Sandy,5,Low
Kogi,368.5,5.96,5.9,6.24,Good,Clay,3,Medium
Kwara,283.2,10.27,136.6,23.71,Poor,Sandy,0,Medium
Bayelsa,434.1,2.06,122.5,17.25,Good,Sandy,0,Low
Anambra,314.1,10.4,347.5,23.79,Good,Clay,2,Low
Kwara,259.1,8.11,212.6,14.1,Good,Sandy,0,Low
Lagos,59.4,6.63,147.1,24.02,Fair,Loamy,5,Medium
Jigawa,215.5,10.84,107.9,22.32,Good,Sandy,4,Medium
Benue,169.7,10.38,237.0,3.3,Poor,Clay,4,High
Niger,349.2,4.62,62.4,7.84,Poor,Sandy,0,Low
Rivers,133.3,9.81,100.0,6.15,Poor,Clay,5,High
Jigawa,132.1,2.54,118.9,14.35,Good,Clay,4,Medium
Anambra,125.8,10.14,243.9,20.09,Fair,Loamy,3,Medium
Delta,100.2,8.59,150.6,19.01,Good,Clay,5,Low
Lagos,174.4,2.42,203.3,18.2,Poor,Sandy,5,Low
Lagos,404.4,8.67,260.9,9.44,Fair,Loamy,0,Low
Lagos,360.0,7.6,382.6,3.58,Fair,Loamy,3,Low
Delta,344.1,7.74,306.4,5.34,Good,Sandy,3,Low
Rivers,368.9,4.55,163.3,18.57,Poor,Sandy,4,Low
Niger,157.8,4.3,299.8,3.77,Good,Loamy,2,Low
Jigawa,405.0,9.51,380.0,5.65,Poor,Clay,3,Medium
Delta,104.9,4.2,200.8,10.67,Fair,Loamy,4,Low
Anambra,184.5,6.19,165.4,1.9,Good,Loamy,2,Low
Niger,284.7,8.8,33.1,5.4,Fair,Loamy,5,High
Anambra,91.2,2.34,357.2,3.83,Poor,Clay,4,Medium
Niger,342.1,7.74,100.1,23.79,Fair,Sandy,4,Medium
Rivers,204.9,7.69,27.5,4.87,Fair,Sandy,0,Low
Benue,363.8,8.68,215.8,21.56,Fair,Sandy,5,Low
Anambra,247.2,5.38,338.7,2.96,Good,Clay,5,Medium
Delta,122.3,6.21,163.8,21.75,Poor,Clay,1,Low
Niger,343.9,4.96,313.7,15.03,Fair,Sandy,2,Low
Lagos,150.9,9.99,334.9,21.26,Fair,Sandy,4,Low
Kwara,246.3,2.87,182.9,21.7,Fair,Sandy,3,Low
Lagos,80.2,11.61,237.2,14.95,Fair,Sandy,3,Low
Kogi,297.1,8.17,214.5,22.95,Poor,Clay,1,Low
Benue,316.3,10.81,375.8,14.68,Poor,Sandy,2,Low
Benue,201.5,5.98,290.8,17.84,Good,Loamy,0,Low
Lagos,431.8,4.99,370.3,10.46,Poor,Sandy,2,Low
Jigawa,399.7,10.96,89.6,22.86,Poor,Clay,3,High
Rivers,333.2,2.54,125.5,20.62,Fair,Loamy,3,Low
Anambra,335.5,2.73,30.2,4.25,Good,Loamy,0,Low
Delta,151.0,4.64,201.0,14.45,Good,Loamy,0,Low
Benue,312.7,11.58,349.8,22.43,Fair,Clay,3,Medium
Lagos,129.3,8.15,132.1,19.85,Good,Sandy,4,Low
Lagos,107.6,7.32,53.1,24.07,Poor,Clay,4,High
Rivers,449.8,8.91,29.2,5.86,Good,Clay,0,Low
Rivers,299.0,5.88,180.1,9.25,Fair,Loamy,5,Low
Bayelsa,222.4,9.46,67.3,12.73,Good,Loamy,4,High
Bayelsa,165.3,5.63,139.7,5.89,Good,Clay,0,Low
Jigawa,291.6,10.18,328.4,9.91,Good,Loamy,2,Low
Jigawa,69.8,4.31,154.9,13.48,Fair,Clay,2,Low
Kogi,87.9,4.41,244.7,4.86,Poor,Loamy,2,Low
Jigawa,63.1,6.99,201.9,6.49,Good,Sandy,0,Low
Niger,249.7,6.02,288.0,3.21,Poor,Sandy,0,Low
Rivers,290.2,8.31,64.2,17.86,Poor,Sandy,4,High
Delta,75.0,5.33,368.3,9.1,Poor,Loamy,4,Low
Niger,338.5,3.92,258.2,5.58,Good,Loamy,4,Low
Anambra,142.2,6.43,109.8,12.73,Poor,Sandy,1,Medium
Lagos,324.1,7.39,51.1,1.8,Good,Clay,0,Medium
Jigawa,442.8,3.0,61.6,23.09,Good,Clay,5,Low
Lagos,326.4,7.35,313.5,7.43,Good,Sandy,2,Low
Benue,403.3,4.85,236.1,22.17,Poor,Loamy,2,Low
Kogi,429.3,5.62,153.5,12.49,Good,Clay,1,Low
Benue,244.7,4.43,134.5,21.27,Fair,Clay,1,Low
Kogi,330.9,11.28,342.6,6.25,Fair,Clay,2,Low
Bayelsa,390.8,8.68,350.2,4.46,Fair,Loamy,0,Low
Lagos,192.6,4.26,233.3,21.25,Good,Clay,2,Low
Kogi,154.6,8.27,210.8,5.4,Fair,Clay,2,Low
Kwara,428.6,10.41,326.9,18.68,Good,Sandy,5,Low
Niger,340.5,5.72,300.2,8.68,Good,Loamy,1,Low
Kogi,137.9,10.21,161.3,18.73,Good,Sandy,1,Low
Kogi,229.6,3.12,34.9,22.7,Poor,Clay,4,High
Niger,368.6,10.14,307.9,24.54,Fair,Loamy,1,Low
Lagos,268.8,7.17,69.1,9.06,Good,Loamy,5,Low
Lagos,310.0,3.84,8.5,9.25,Fair,Sandy,5,High
Niger,351.5,5.77,337.6,24.54,Fair,Sandy,2,Low
Benue,298.8,11.87,232.1,21.55,Poor,Loamy,5,High
Kwara,266.0,9.73,356.9,1.22,Fair,Loamy,4,Medium
Delta,349.8,7.54,194.9,14.38,Good,Sandy,2,Low
Anambra,341.0,2.71,370.7,4.61,Good,Clay,0,Low
Kwara,301.9,5.89,142.9,24.85,Fair,Loamy,0,Low
Lagos,193.9,4.26,290.4,3.56,Fair,Clay,1,Low
Delta,212.3,2.25,121.8,14.03,Poor,Sandy,4,Medium
Bayelsa,438.2,7.19,2.5,16.66,Good,Loamy,5,High
Jigawa,95.0,10.84,153.1,23.43,Fair,Sandy,3,Low
Kogi,157.4,8.59,295.6,21.2,Fair,Loamy,0,Low
Niger,247.0,4.12,61.7,6.22,Good,Loamy,5,Medium
Niger,384.7,7.52,202.9,14.36,Fair,Sandy,0,Low
Kogi,115.5,11.4,86.5,23.84,Poor,Sandy,0,Medium
Jigawa,160.8,9.09,31.7,18.42,Fair,Clay,0,Medium
Anambra,76.3,8.74,247.7,17.24,Fair,Sandy,1,Low
Jigawa,332.4,11.67,380.9,18.9,Poor,Sandy,4,Medium
Delta,145.3,9.89,125.7,8.13,Poor,Clay,0,Medium
Jigawa,205.5,2.93,233.1,18.26,Poor,Sandy,5,Medium
Delta,227.5,5.15,381.5,5.9,Good,Clay,5,Medium
Jigawa,406.5,11.63,260.9,10.76,Fair,Clay,1,Medium
Anambra,214.5,6.64,269.9,22.26,Fair,Sandy,4,Low
Anambra,108.1,2.67,73.2,0.57,Poor,Clay,4,High
Lagos,259.7,6.32,198.1,10.42,Good,Clay,3,Low
Kogi,435.2,8.82,148.1,6.74,Poor,Clay,2,High
Anambra,293.1,11.97,189.4,5.04,Fair,Sandy,0,Low
Delta,443.4,4.9,320.7,20.98,Good,Sandy,1,Low
Anambra,386.4,6.9,185.4,17.44,Good,Clay,4,Low
Lagos,64.4,10.74,27.0,2.9,Fair,Sandy,3,Low
Niger,313.4,5.23,362.4,12.41,Good,Loamy,2,Low
Delta,164.7,2.65,218.8,11.73,Good,Clay,4,Low
Lagos,273.8,11.46,369.9,3.65,Poor,Loamy,4,Medium
Benue,161.7,6.63,229.8,20.01,Good,Sandy,0,Low
Benue,189.5,6.78,29.7,9.23,Poor,Loamy,2,Low
Bayelsa,419.3,8.02,222.0,19.07,Good,Sandy,2,Low
Jigawa,132.7,1.54,231.1,4.88,Poor,Sandy,1,Low
Kogi,399.6,11.28,87.3,7.95,Poor,Clay,3,High
Rivers,62.2,5.3,189.5,2.47,Good,Loamy,5,Low
Kwara,86.4,5.67,184.9,3.67,Poor,Clay,1,Low
Lagos,391.9,3.33,249.9,22.09,Fair,Loamy,3,Low
Niger,302.2,5.47,105.3,2.82,Fair,Sandy,1,Low
Kwara,348.9,9.94,233.5,2.48,Good,Sandy,3,Low
Niger,133.8,9.9,97.9,23.52,Good,Clay,5,High
Kwara,264.8,11.33,179.7,16.18,Good,Loamy,0,Low
Lagos,344.9,5.73,50.8,2.61,Fair,Loamy,3,Low
Rivers,300.9,8.94,16.8,24.3,Good,Sandy,5,High
Kwara,238.7,6.83,129.6,3.76,Good,Clay,1,Low
Lagos,433.9,9.94,111.3,19.18,Poor,Sandy,2,High
Anambra,320.5,8.98,164.0,0.97,Good,Sandy,4,Low
Rivers,413.1,5.36,384.9,15.65,Fair,Clay,5,Medium
Delta,341.9,5.04,209.8,13.71,Fair,Loamy,5,Low
Niger,344.2,4.15,222.2,5.28,Good,Loamy,5,Low
Benue,82.0,7.55,376.8,16.11,Fair,Sandy,3,Low
Jigawa,193.8,11.62,368.6,15.46,Poor,Loamy,3,Medium
Benue,393.3,3.6,353.9,19.98,Poor,Clay,2,Low
Rivers,143.0,2.5,41.0,21.91,Good,Loamy,0,Low
Delta,96.2,2.75,254.5,12.8,Good,Loamy,1,Low
Niger,180.4,9.72,323.6,12.31,Poor,Sandy,0,Low
Delta,138.2,5.18,334.6,15.58,Poor,Loamy,3,Low
Kwara,420.1,3.86,232.0,18.26,Good,Clay,3,Low
Niger,397.2,5.2,9.0,8.97,Fair,Sandy,5,High
Kwara,249.9,8.28,389.5,12.67,Good,Clay,5,Medium
Lagos,74.5,7.24,189.9,14.67,Good,Loamy,0,Low
Rivers,335.8,9.31,158.7,24.71,Good,Loamy,1,Low
Lagos,299.4,5.06,159.2,14.73,Good,Sandy,3,Low
Bayelsa,438.2,6.25,170.8,5.68,Good,Clay,3,Low
Delta,273.6,2.57,98.4,14.74,Good,Loamy,0,Low
Kwara,184.6,2.27,132.3,20.51,Good,Loamy,4,Medium
Anambra,257.6,6.35,394.2,21.45,Fair,Sandy,5,Low
Lagos,441.7,4.67,148.5,20.03,Good,Loamy,2,Low
Bayelsa,328.5,7.93,211.6,22.22,Poor,Loamy,3,Low
Kogi,318.8,1.95,339.6,8.44,Good,Loamy,1,Low
Benue,146.3,2.78,211.9,12.74,Fair,Clay,4,Low
Niger,347.4,10.58,131.1,19.51,Poor,Clay,0,High
Bayelsa,350.1,7.45,210.5,6.68,Good,Clay,0,Low
Rivers,176.9,8.98,47.4,9.35,Good,Loamy,1,Low
Lagos,243.5,10.34,53.7,20.8,Poor,Sandy,5,High
Rivers,167.8,6.37,278.3,19.28,Good,Sandy,5,Low
Benue,153.5,9.49,367.1,24.28,Fair,Sandy,4,Medium
Anambra,60.4,7.01,290.8,24.9,Good,Clay,1,Low
Delta,164.1,3.84,31.7,6.09,Fair,Clay,3,Low
Delta,271.6,5.05,162.4,22.52,Good,Clay,4,Low
Rivers,50.6,6.65,3.0,2.45,Poor,Clay,2,Medium
Kwara,163.3,4.83,205.5,17.77,Fair,Loamy,2,Low
Anambra,402.6,5.02,78.9,5.58,Good,Sandy,1,Low
Delta,287.5,5.04,347.5,7.58,Good,Sandy,2,Low
Anambra,293.1,2.79,43.5,23.66,Poor,Clay,1,Medium
Bayelsa,211.3,2.39,2.6,6.65,Poor,Sandy,3,High
Anambra,320.6,1.99,181.6,16.86,Fair,Sandy,5,Low
Jigawa,126.0,2.67,63.9,4.54,Fair,Clay,3,Medium
Benue,377.5,5.11,295.7,2.43,Fair,Clay,1,Low
Delta,96.7,7.74,368.1,8.55,Good,Clay,3,Low
Anambra,312.4,3.48,18.7,15.64,Good,Clay,2,Medium
Rivers,186.5,10.82,159.4,6.27,Fair,Loamy,3,Low
Kogi,349.0,9.99,398.7,7.57,Good,Sandy,2,Low
Jigawa,269.9,6.97,293.6,17.75,Poor,Loamy,5,Low
Jigawa,230.9,9.1,381.4,2.66,Good,Sandy,5,Low
Kwara,117.8,5.35,67.3,11.23,Fair,Loamy,2,Low
Anambra,304.7,1.89,90.1,23.55,Good,Clay,0,Low
Kwara,439.9,11.0,63.6,9.98,Poor,Loamy,3,High
Kwara,380.2,2.84,122.3,10.91,Fair,Clay,3,Medium
Kogi,74.0,11.45,290.3,18.48,Fair,Clay,1,Medium
Bayelsa,200.5,7.5,67.6,19.5,Fair,Loamy,1,Low
Anambra,420.2,4.71,210.6,19.26,Fair,Sandy,4,Low
Lagos,251.2,6.7,109.1,24.95,Good,Loamy,2,Low
Delta,314.8,6.77,332.0,1.88,Poor,Clay,5,Medium
Kwara,415.0,1.74,4.6,24.56,Good,Clay,5,High
Benue,399.5,5.23,90.8,23.76,Good,Sandy,0,Low
Niger,250.7,9.27,242.9,21.32,Fair,Sandy,2,Low
Benue,225.1,6.86,40.5,11.41,Poor,Sandy,3,Medium
Kogi,185.9,4.06,187.6,21.79,Good,Clay,4,Low
Kogi,337.6,5.02,175.6,5.6,Poor,Loamy,2,Low
Rivers,164.8,10.56,341.3,19.81,Poor,Sandy,4,Medium
Bayelsa,150.0,7.02,250.9,4.71,Poor,Clay,2,Low
Delta,192.5,7.05,256.6,20.4,Poor,Loamy,3,Low
Kwara,120.9,11.6,380.8,15.4,Good,Sandy,3,Low
Benue,328.0,4.87,393.0,2.54,Poor,Loamy,2,Low
Niger,296.5,6.54,262.1,22.39,Good,Loamy,5,Low
Kogi,243.2,10.02,209.8,14.49,Poor,Clay,5,High
Kogi,206.1,9.47,244.0,16.44,Poor,Clay,0,Medium
Bayelsa,413.6,4.29,154.2,7.16,Good,Clay,3,Low
Niger,61.6,3.09,395.0,21.8,Fair,Loamy,1,Low
Niger,357.6,8.86,282.6,13.68,Good,Sandy,0,Low
Bayelsa,410.8,4.21,117.8,10.59,Poor,Sandy,2,Low
Kogi,228.5,11.19,25.0,13.4,Good,Sandy,0,Low
Delta,270.3,2.86,19.8,17.61,Poor,Clay,1,High
Anambra,427.8,4.84,83.6,17.41,Good,Sandy,3,Low
Anambra,134.9,2.08,94.7,9.0,Good,Sandy,3,Low
Bayelsa,258.1,8.88,167.2,9.69,Good,Clay,5,Medium
Niger,239.9,10.86,87.5,14.1,Fair,Sandy,3,Medium
Kwara,153.4,8.18,253.1,23.12,Good,Sandy,5,Low
Bayelsa,377.4,11.35,86.1,18.66,Good,Sandy,1,Low
Delta,409.8,2.85,76.8,9.82,Fair,Loamy,0,Low
Bayelsa,362.8,2.42,189.6,8.49,Fair,Loamy,2,Low
Jigawa,128.1,10.3,355.7,13.14,Poor,Clay,2,Medium
Benue,84.7,10.48,188.4,21.76,Poor,Clay,0,Medium
Niger,292.2,10.23,166.7,0.32,Good,Loamy,3,Low
Rivers,72.8,9.89,232.1,17.79,Poor,Clay,5,High
Rivers,319.1,5.3,104.4,7.43,Good,Clay,2,Low
Niger,262.2,3.78,142.7,5.29,Fair,Sandy,3,Medium
Delta,315.1,11.25,87.1,0.4,Fair,Clay,4,High
Jigawa,286.1,4.72,229.6,22.43,Good,Clay,4,Low
Jigawa,219.1,5.68,279.6,22.81,Poor,Sandy,2,Low
Kogi,130.4,8.85,270.1,1.63,Poor,Sandy,0,Low
Benue,172.3,4.58,103.4,13.09,Poor,Loamy,0,Low
Anambra,259.8,10.1,312.3,3.9,Good,Clay,0,Low
Lagos,310.7,2.24,103.9,18.99,Poor,Sandy,3,Medium
Delta,361.8,9.81,61.8,16.67,Fair,Clay,4,High
Lagos,356.9,7.82,141.2,7.5,Fair,Clay,3,High
Lagos,439.1,7.52,239.9,3.01,Fair,Loamy,1,Low
Niger,164.3,6.31,58.5,20.8,Fair,Loamy,1,Low
Rivers,78.4,4.41,259.9,16.89,Fair,Loamy,2,Low
Rivers,188.3,6.37,345.5,0.27,Fair,Loamy,1,Low
Anambra,347.3,6.23,118.7,15.73,Fair,Loamy,0,Low
Niger,225.2,7.63,181.2,20.28,Fair,Sandy,2,Low
Lagos,377.1,4.46,92.9,14.81,Fair,Loamy,4,Medium
Kwara,269.7,2.31,145.8,10.68,Good,Sandy,5,Low
Rivers,421.9,3.02,10.7,14.64,Good,Loamy,4,Medium
Delta,429.1,8.84,381.6,15.53,Fair,Sandy,1,Low
Delta,77.7,1.74,167.5,16.04,Fair,Clay,1,Low
Kogi,232.6,10.49,316.0,24.18,Fair,Loamy,4,Medium
Bayelsa,293.9,8.79,58.8,4.55,Poor,Sandy,1,Medium
Kwara,152.3,9.56,325.3,15.62,Good,Loamy,1,Low
Rivers,212.8,10.28,344.3,4.78,Fair,Sandy,3,Low
Jigawa,321.1,2.79,286.8,5.33,Good,Sandy,5,Low
Rivers,140.7,10.14,361.5,16.76,Fair,Loamy,5,Low
Kogi,290.8,6.8,68.5,22.91,Poor,Sandy,4,High
Delta,329.0,10.8,191.6,4.06,Fair,Clay,4,Medium
Lagos,86.2,10.81,248.8,24.07,Good,Loamy,1,Low
Jigawa,249.0,1.75,239.3,8.05,Good,Clay,0,Low
Niger,155.2,5.52,344.7,9.84,Good,Sandy,3,Low
Benue,339.8,7.03,87.8,3.93,Good,Sandy,0,Low
Lagos,125.8,8.62,71.9,15.43,Fair,Loamy,1,Medium
Benue,406.9,4.5,102.8,14.95,Poor,Clay,4,Medium
Kwara,222.4,4.15,356.8,11.11,Poor,Clay,0,Low
Bayelsa,129.2,5.5,376.5,11.95,Fair,Loamy,5,Low
Jigawa,225.2,6.76,228.7,15.61,Fair,Clay,2,Low
Anambra,213.5,11.49,201.5,14.63,Good,Loamy,0,Low
Jigawa,221.6,9.5,242.9,9.42,Fair,Loamy,4,Medium
Rivers,284.2,6.01,247.3,22.11,Poor,Sandy,5,Low
Delta,258.5,2.07,69.8,16.72,Fair,Sandy,1,Low
Rivers,109.9,3.27,275.2,5.21,Fair,Clay,0,Low
Rivers,76.2,6.29,182.0,8.07,Poor,Loamy,1,Low
Kwara,341.8,10.05,207.9,19.72,Poor,Loamy,3,Medium
Lagos,273.9,5.5,14.1,2.7,Fair,Loamy,2,High
Anambra,193.6,7.15,306.3,18.78,Good,Loamy,4,Low
Anambra,373.3,10.86,334.5,9.04,Good,Sandy,4,Low
Rivers,205.2,11.09,248.5,13.84,Good,Clay,1,Low
Benue,368.4,3.77,300.0,7.09,Poor,Sandy,2,Low
Kwara,172.3,1.96,210.0,24.66,Poor,Loamy,5,Medium
Rivers,79.1,4.71,248.1,22.66,Good,Clay,4,Low
Bayelsa,423.1,8.81,159.0,23.22,Fair,Clay,0,Low
Delta,207.8,11.49,317.2,4.7,Fair,Loamy,4,Low
Lagos,367.1,2.31,188.4,21.06,Fair,Loamy,0,Low
Niger,161.7,1.8,272.7,13.43,Poor,Sandy,4,Low
Bayelsa,308.5,10.78,249.3,17.73,Poor,Sandy,0,Low
Benue,399.3,9.36,281.5,5.52,Good,Loamy,3,Low
Jigawa,66.7,11.92,314.5,17.83,Fair,Loamy,1,Low
Jigawa,382.3,5.67,206.1,22.87,Poor,Sandy,5,Low
Bayelsa,278.5,5.87,325.6,6.76,Poor,Clay,5,Medium
Rivers,293.0,3.31,199.9,5.91,Good,Clay,3,Low
Niger,259.3,2.72,382.7,2.7,Fair,Clay,5,Low
Kogi,399.8,7.58,301.6,6.74,Poor,Sandy,0,Low
Kogi,67.4,5.32,70.1,13.44,Poor,Loamy,5,Medium
Benue,154.4,2.34,332.2,20.83,Poor,Clay,1,Low
Rivers,400.3,10.81,221.5,7.04,Poor,Loamy,2,Medium
Anambra,350.9,3.58,393.8,15.57,Fair,Sandy,0,Low
Anambra,57.1,9.36,288.1,12.04,Good,Sandy,5,Low
Lagos,256.8,4.46,35.6,7.29,Fair,Loamy,4,Medium
Niger,261.8,10.04,159.2,12.81,Good,Loamy,4,Low
Niger,210.4,2.74,207.9,4.28,Poor,Loamy,2,Low
Jigawa,169.0,9.44,335.9,16.03,Fair,Loamy,3,Low
Kwara,322.7,2.53,292.3,2.98,Good,Clay,0,Low
Benue,133.1,6.19,149.0,18.3,Good,Loamy,4,Low
Kogi,369.6,9.21,262.1,4.53,Poor,Clay,1,Low
Benue,371.2,3.32,231.6,24.95,Good,Sandy,2,Low
Anambra,216.1,4.5,52.2,20.61,Good,Clay,3,Low
Anambra,163.4,10.58,95.5,8.66,Good,Loamy,3,Medium
Bayelsa,163.6,10.79,137.8,10.71,Poor,Clay,1,High
Lagos,242.9,1.97,79.8,6.55,Fair,Sandy,5,Medium
Niger,337.8,3.26,61.8,19.2,Poor,Loamy,1,Low
Delta,193.5,2.73,25.2,9.58,Good,Sandy,5,Low
Benue,294.0,3.39,349.5,18.9,Good,Sandy,2,Low
Anambra,203.0,11.69,117.0,0.56,Fair,Loamy,1,Low
Kwara,171.8,7.29,117.5,3.48,Good,Clay,4,Low
Jigawa,59.9,6.42,84.1,9.19,Fair,Sandy,3,Medium
Kogi,51.6,11.84,191.2,2.81,Good,Loamy,5,Low
Lagos,140.9,7.35,206.7,15.07,Good,Sandy,1,Low
Kwara,212.6,8.44,84.9,1.37,Poor,Clay,0,High
Lagos,390.5,4.99,244.2,21.51,Poor,Sandy,1,Low
Bayelsa,369.4,5.51,289.8,19.06,Fair,Sandy,5,Low
Delta,156.9,7.74,150.8,5.48,Poor,Sandy,3,Low
Anambra,147.8,2.23,235.0,12.15,Fair,Sandy,4,Low
Jigawa,140.9,4.19,201.9,11.35,Poor,Clay,1,Low
Kwara,185.7,3.57,79.8,18.15,Fair,Loamy,4,Medium
Lagos,249.3,1.67,292.5,10.1,Good,Sandy,0,Low
Niger,225.5,7.14,321.0,0.92,Fair,Clay,5,Medium
Bayelsa,137.3,7.39,260.2,6.92,Poor,Sandy,3,Low
Niger,102.2,5.53,130.9,11.71,Fair,Sandy,2,Low
Jigawa,55.0,4.32,370.9,24.36,Poor,Sandy,3,Low
Kwara,111.6,8.35,183.2,22.04,Good,Clay,5,Medium
Bayelsa,332.1,2.91,107.8,4.62,Poor,Sandy,2,Low
Kwara,147.5,6.95,164.5,18.11,Good,Sandy,2,Low
Anambra,237.4,9.56,277.4,23.43,Good,Loamy,3,Low
Rivers,286.5,3.23,338.7,0.32,Poor,Clay,5,High
Bayelsa,404.7,9.41,143.9,18.05,Good,Loamy,2,Medium
Niger,405.5,9.49,94.6,11.54,Poor,Loamy,5,High
Jigawa,348.3,2.13,251.3,17.04,Fair,Loamy,4,Low
Delta,64.1,1.7,368.6,15.18,Good,Loamy,0,Low
Anambra,280.0,11.73,75.0,24.62,Fair,Sandy,1,Low
Rivers,364.6,3.53,321.6,7.29,Fair,Loamy,5,Low
Delta,56.9,10.13,191.7,19.67,Poor,Clay,5,Medium
Kogi,269.9,7.4,320.2,5.94,Poor,Sandy,2,Low
Anambra,393.1,4.28,203.2,10.95,Good,Loamy,5,Low
Jigawa,239.6,2.86,152.2,24.39,Poor,Loamy,5,Low
Lagos,51.6,6.72,279.3,19.18,Fair,Clay,2,Low
Bayelsa,54.4,5.78,360.4,7.96,Fair,Clay,3,Low
Kwara,216.7,8.84,129.5,15.52,Fair,Loamy,5,High
Jigawa,112.0,10.99,185.4,1.34,Good,Loamy,4,Low
Bayelsa,315.8,9.96,93.3,6.73,Poor,Loamy,1,Medium
Delta,333.5,4.38,75.0,17.99,Fair,Loamy,5,Medium
Kwara,121.2,10.73,311.6,14.3,Good,Loamy,2,Low
Benue,405.4,10.25,81.9,11.79,Poor,Clay,4,High
Niger,226.8,11.26,317.7,17.3,Poor,Clay,1,Medium
Kogi,107.1,6.32,172.8,10.02,Fair,Sandy,3,Low
Anambra,355.7,9.57,398.0,0.75,Good,Sandy,5,Low
Jigawa,366.0,7.71,80.5,11.08,Fair,Clay,2,High
Kogi,305.7,4.76,39.0,22.56,Fair,Sandy,3,Low
Lagos,391.4,11.94,32.0,21.43,Good,Loamy,5,Medium
Bayelsa,344.9,1.9,334.5,10.28,Fair,Sandy,3,Low
Bayelsa,402.9,3.2,176.2,0.65,Good,Loamy,2,Low
Jigawa,223.6,10.87,3.2,15.94,Good,Loamy,4,Medium
Rivers,349.0,2.14,350.2,18.56,Fair,Sandy,4,Low
Rivers,449.9,10.81,351.0,7.43,Fair,Sandy,3,Low
Benue,340.0,9.01,323.0,11.97,Poor,Loamy,3,Medium
Niger,95.7,1.89,100.8,24.8,Poor,Clay,5,High
Kwara,257.3,6.01,150.4,14.45,Good,Sandy,0,Low
Lagos,284.9,9.42,298.5,8.84,Good,Sandy,1,Low
Kogi,119.7,7.62,196.8,15.72,Good,Clay,5,Medium
Rivers,435.2,11.33,63.2,4.58,Poor,Sandy,3,Medium
Benue,120.2,10.61,98.6,5.06,Fair,Loamy,3,Medium
Benue,121.0,4.99,389.1,23.13,Fair,Clay,1,Low
Jigawa,416.1,2.39,62.1,6.06,Poor,Clay,2,Medium
Lagos,236.1,11.41,291.0,7.84,Fair,Loamy,4,Medium
Delta,75.3,6.93,192.3,13.64,Fair,Loamy,2,Low
Kwara,289.3,2.28,299.9,22.5,Fair,Loamy,1,Low
Niger,290.7,10.07,265.1,19.56,Poor,Clay,1,Low
Anambra,75.8,10.62,176.8,1.19,Good,Loamy,0,Low
Jigawa,439.0,8.21,142.9,17.36,Fair,Sandy,5,High
Kwara,267.6,6.2,302.2,12.65,Fair,Sandy,5,Low
Anambra,273.9,8.45,130.6,11.94,Good,Loamy,5,High
Anambra,258.0,8.92,315.5,17.32,Fair,Sandy,5,Medium
Lagos,294.3,10.88,272.6,4.99,Fair,Sandy,0,Low
Lagos,155.7,11.54,231.9,24.54,Good,Clay,4,Medium
Kogi,164.9,6.9,148.8,16.17,Poor,Loamy,5,High
Benue,254.5,9.88,83.6,9.2,Poor,Sandy,3,Medium
Kwara,372.7,11.63,284.7,15.05,Fair,Loamy,1,Low
Jigawa,69.9,3.09,38.4,5.49,Fair,Loamy,0,Low
Bayelsa,291.4,1.69,388.3,15.88,Good,Sandy,2,Low
Jigawa,372.7,10.62,391.5,0.8,Good,Sandy,5,Low
Kogi,112.8,3.55,53.8,8.6,Fair,Clay,0,Low
Niger,56.0,1.95,43.4,18.71,Fair,Clay,2,Low
Benue,175.1,3.18,166.3,20.22,Poor,Clay,0,Low
Bayelsa,285.3,5.53,385.5,6.4,Poor,Sandy,2,Low
Rivers,105.3,3.8,161.3,13.53,Poor,Clay,0,Low
Niger,220.4,4.71,146.8,13.26,Poor,Loamy,0,Medium
Lagos,270.9,11.74,282.0,10.59,Good,Clay,5,Medium
Anambra,289.6,8.9,73.1,5.79,Poor,Clay,4,High
Rivers,159.8,8.98,146.6,17.61,Poor,Clay,3,High
Jigawa,210.0,2.49,117.9,6.38,Fair,Loamy,1,Medium
Jigawa,361.3,9.19,241.4,22.78,Poor,Loamy,3,Medium
Lagos,426.5,9.26,66.8,13.26,Fair,Sandy,4,Medium
Kogi,394.8,8.43,220.4,21.77,Fair,Clay,5,Medium
Kwara,275.7,3.9,343.3,7.34,Poor,Loamy,2,Low
Rivers,214.1,5.94,206.6,20.2,Poor,Loamy,3,Low
Rivers,183.2,10.39,274.0,2.93,Fair,Loamy,1,Low
Delta,100.0,8.54,31.9,19.19,Good,Sandy,5,Medium
Niger,92.6,9.19,180.7,9.73,Fair,Sandy,1,Low
Benue,325.3,7.67,39.8,11.8,Good,Sandy,2,Low
Niger,153.9,6.22,240.6,4.25,Good,Clay,1,Low
Kwara,151.9,9.47,113.9,0.56,Poor,Loamy,4,High
Jigawa,449.3,2.21,116.3,16.69,Poor,Sandy,3,High
Jigawa,125.2,8.57,32.6,14.73,Poor,Sandy,1,Medium
Jigawa,109.2,11.97,125.5,15.6,Poor,Loamy,3,High
Delta,89.5,9.69,203.7,6.45,Fair,Loamy,0,Low
Jigawa,281.9,4.55,234.7,6.06,Good,Clay,3,Low
Kwara,301.1,4.42,28.5,20.77,Fair,Clay,2,Medium
Lagos,196.1,8.51,261.3,19.06,Good,Clay,4,Medium
Benue,264.2,10.91,196.6,8.49,Fair,Sandy,5,Low
Kwara,365.4,7.57,215.7,15.98,Good,Sandy,1,Low
Benue,377.2,7.04,333.5,20.72,Poor,Loamy,5,Medium
Kwara,433.2,3.18,138.2,22.23,Good,Clay,4,Medium
Jigawa,379.7,9.01,71.3,0.24,Poor,Loamy,3,High
Lagos,275.9,8.87,221.6,20.36,Good,Clay,1,Low
Rivers,121.9,11.65,378.1,8.82,Fair,Clay,4,Medium
Niger,89.9,4.65,208.1,17.99,Good,Clay,2,Low
Anambra,71.8,9.44,333.1,9.35,Fair,Clay,0,Low
Lagos,316.6,6.06,303.3,15.2,Fair,Loamy,0,Low
Rivers,373.0,7.36,208.3,16.2,Poor,Loamy,2,Low
Kogi,253.5,10.07,259.7,10.18,Good,Sandy,5,Low
Kwara,71.9,3.83,163.9,12.87,Fair,Clay,0,Low
Kogi,264.2,5.1,213.2,18.19,Good,Loamy,2,Low
Rivers,424.3,9.62,203.9,11.96,Poor,Clay,3,Medium
Lagos,289.0,7.49,284.2,0.45,Poor,Clay,5,High
Kwara,373.8,2.47,165.2,0.42,Good,Sandy,5,Low
Anambra,370.1,6.02,41.7,16.57,Fair,Sandy,2,Low
Jigawa,422.9,7.66,315.9,21.2,Fair,Loamy,0,Low
Kwara,358.1,11.05,274.6,19.65,Fair,Loamy,3,Low
Kwara,349.1,3.48,380.1,7.83,Good,Sandy,5,Low
Lagos,143.6,9.96,172.6,11.83,Fair,Loamy,2,Low
Lagos,74.0,2.87,33.1,5.93,Fair,Loamy,2,Low
Rivers,257.0,4.04,50.4,24.73,Fair,Sandy,5,Low
Bayelsa,99.8,4.06,309.8,6.59,Poor,Clay,5,Medium
Kwara,434.9,10.71,29.0,10.46,Fair,Clay,3,High
Niger,166.0,3.59,363.3,17.06,Good,Sandy,5,Low
Kwara,391.2,9.76,114.1,21.91,Good,Clay,1,Medium
Rivers,205.0,6.35,359.8,1.38,Fair,Clay,0,Low
Benue,179.3,11.99,309.9,7.6,Good,Sandy,5,Low
Kogi,424.1,10.31,348.7,14.27,Good,Loamy,1,Low
Jigawa,195.3,9.27,87.2,15.5,Fair,Sandy,3,Low
Bayelsa,206.1,10.64,239.1,1.84,Poor,Sandy,3,Medium
Anambra,92.4,8.16,39.2,16.64,Fair,Clay,4,High
Anambra,318.2,10.36,82.5,13.25,Good,Sandy,4,Low
Anambra,165.5,4.24,125.3,20.71,Good,Clay,3,Low
Lagos,284.2,2.53,296.8,5.63,Fair,Sandy,4,Low
Anambra,286.5,7.97,11.8,4.96,Good,Loamy,2,High
Jigawa,337.7,6.06,361.4,19.85,Poor,Clay,1,Low
Kogi,348.1,5.98,30.2,17.63,Fair,Sandy,3,Low
Anambra,255.8,7.03,151.8,19.81,Good,Clay,2,Low
Kwara,182.4,5.29,34.3,19.57,Poor,Sandy,0,Low
Kwara,385.0,8.07,308.0,2.69,Good,Sandy,0,Low
Lagos,173.9,1.82,58.2,7.04,Poor,Sandy,4,Medium
Jigawa,253.0,11.68,354.1,6.58,Good,Clay,4,Medium
Kogi,210.5,11.21,213.0,23.37,Fair,Clay,2,Low
Bayelsa,392.0,11.32,379.5,12.24,Good,Loamy,0,Low
Rivers,222.8,5.33,117.6,2.87,Fair,Loamy,5,Medium
Kogi,204.4,7.08,182.8,7.31,Poor,Loamy,3,Low
Rivers,325.9,11.52,278.3,21.81,Poor,Loamy,5,Medium
Benue,291.0,10.97,333.1,21.19,Good,Sandy,1,Low
Rivers,92.9,9.8,169.7,22.52,Fair,Clay,4,Medium
Niger,253.3,5.78,357.2,9.77,Fair,Sandy,2,Low
Kwara,344.2,7.43,49.0,16.07,Poor,Clay,5,High
Jigawa,446.8,9.83,284.1,7.03,Poor,Clay,4,High
Delta,301.7,4.37,140.6,4.6,Good,Sandy,2,Low
Lagos,198.1,8.08,42.3,0.65,Poor,Sandy,0,Medium
Niger,140.5,10.19,155.9,5.66,Poor,Clay,4,Medium
Rivers,399.1,8.93,352.3,15.15,Fair,Loamy,5,Medium
Anambra,375.8,6.53,392.3,22.61,Fair,Loamy,2,Low
Jigawa,143.6,7.64,158.3,3.42,Fair,Clay,2,Low
Niger,130.3,11.88,354.8,22.96,Poor,Sandy,5,Medium
Lagos,336.1,7.82,204.8,8.7,Good,Sandy,4,Low
Kwara,176.0,9.75,287.4,10.73,Good,Clay,1,Low
Jigawa,172.6,9.13,20.1,9.19,Poor,Sandy,3,Medium
Lagos,110.9,8.87,223.8,10.27,Good,Clay,0,Low
Benue,155.6,9.02,29.9,6.55,Poor,Clay,5,High
Benue,221.0,6.27,108.9,17.5,Good,Clay,5,Medium
Lagos,343.1,6.48,227.6,18.98,Poor,Sandy,4,Medium
Niger,184.5,6.41,323.3,20.6,Fair,Loamy,4,Low
Jigawa,181.4,1.85,225.2,8.6,Good,Clay,1,Low
Niger,164.0,4.03,374.6,19.14,Fair,Sandy,0,Low
Bayelsa,241.3,3.12,324.5,15.98,Fair,Loamy,4,Low
Rivers,122.3,10.81,64.2,23.95,Good,Clay,1,Medium
Bayelsa,244.3,4.39,156.8,10.68,Poor,Loamy,5,Low
Benue,331.7,2.95,268.1,24.81,Fair,Sandy,3,Low
Kwara,61.9,2.76,375.5,18.54,Fair,Loamy,2,Low
Kogi,53.9,8.85,395.1,19.43,Poor,Loamy,3,Medium
Rivers,80.0,1.56,305.7,0.74,Poor,Sandy,3,Medium
Benue,264.3,6.45,230.4,12.49,Good,Clay,3,Low
Niger,391.8,2.75,303.1,13.26,Good,Sandy,3,Low
Niger,52.0,10.42,110.7,1.11,Poor,Sandy,2,High
Niger,424.7,11.56,114.9,7.87,Fair,Clay,5,High
Kwara,92.5,11.57,262.4,23.9,Poor,Clay,0,Medium
Bayelsa,386.8,6.14,349.0,10.71,Good,Sandy,0,Low
Kogi,243.1,8.27,388.0,4.75,Fair,Clay,5,High
Niger,313.7,7.8,137.9,12.88,Fair,Clay,1,Medium
Delta,254.3,5.18,319.0,0.94,Good,Sandy,1,Low
Rivers,240.8,6.16,340.9,12.95,Fair,Sandy,4,Low
Jigawa,384.0,2.18,250.0,14.9,Poor,Sandy,3,Low
Delta,352.4,9.85,140.3,9.01,Good,Sandy,3,Low
Kogi,243.4,4.03,248.4,19.09,Fair,Loamy,2,Low
Kwara,94.7,6.34,234.6,3.48,Good,Loamy,3,Low
Kogi,96.2,6.55,243.4,21.97,Fair,Clay,2,Low
Jigawa,370.6,7.39,248.5,23.89,Poor,Loamy,4,Medium
Rivers,261.8,10.09,339.1,0.13,Good,Loamy,1,Low
Jigawa,242.6,8.76,69.7,21.08,Fair,Loamy,1,Medium
Lagos,322.2,8.46,148.2,12.7,Poor,Clay,4,High
Rivers,393.5,7.03,235.2,11.59,Poor,Loamy,4,Medium
Kogi,301.5,2.51,114.8,6.04,Poor,Sandy,5,Medium
Niger,355.1,5.72,391.3,11.24,Fair,Sandy,3,Low
Kogi,356.1,11.55,106.7,23.77,Fair,Clay,1,Medium
Kogi,192.5,11.95,188.9,5.35,Poor,Clay,0,Medium
Rivers,159.6,9.17,351.2,4.56,Poor,Clay,4,Medium
Lagos,370.5,3.89,33.9,6.12,Poor,Loamy,1,Low
Kogi,200.9,2.57,328.6,13.84,Poor,Clay,1,Low
Delta,411.3,5.86,229.3,23.26,Poor,Clay,2,Medium
Benue,77.9,10.49,14.7,14.39,Fair,Clay,1,Medium
Anambra,73.3,9.08,361.4,6.16,Good,Sandy,4,Low
Anambra,420.8,10.78,17.6,11.07,Good,Clay,3,High
Kogi,309.4,7.97,207.1,9.82,Good,Sandy,1,Low
Delta,201.8,2.87,21.5,1.26,Fair,Sandy,0,Low
Niger,352.0,2.71,30.3,12.81,Good,Clay,4,Medium
Kwara,318.9,2.0,355.1,3.24,Good,Clay,3,Low
Kwara,262.5,7.45,306.8,21.07,Good,Loamy,5,Low
Rivers,89.5,4.05,80.4,13.77,Good,Clay,3,Medium
Anambra,374.9,9.21,248.9,21.13,Poor,Clay,4,Medium
Kogi,396.4,8.71,318.3,23.91,Fair,Clay,5,Medium
Kwara,118.9,4.84,356.1,23.59,Good,Clay,3,Low
Kogi,390.2,3.36,188.4,2.6,Poor,Clay,0,Low
Rivers,401.1,2.58,359.2,23.63,Good,Clay,1,Low
Anambra,269.8,9.24,204.1,19.91,Good,Loamy,4,Medium
Jigawa,312.5,6.23,275.9,19.46,Good,Loamy,1,Low
Benue,202.9,4.9,391.7,2.34,Good,Clay,1,Low
Benue,162.7,10.49,95.9,4.57,Good,Loamy,3,Medium
Kwara,338.8,7.73,69.1,24.38,Poor,Sandy,4,High
Benue,394.8,6.94,138.1,5.41,Good,Loamy,1,Low
Jigawa,311.6,9.31,67.4,4.31,Poor,Sandy,2,Low
Kogi,254.6,10.06,115.1,9.12,Good,Clay,0,Medium
Rivers,113.6,8.7,297.7,22.84,Fair,Sandy,5,Low
Jigawa,71.4,6.12,192.1,11.96,Poor,Clay,3,Medium
Rivers,228.3,5.48,151.3,23.02,Good,Loamy,4,Low
Rivers,69.7,9.6,148.8,8.43,Poor,Sandy,4,High
Anambra,277.7,6.94,79.4,5.74,Good,Sandy,3,Low
Kogi,203.1,8.9,180.1,12.43,Good,Sandy,1,Low
Delta,352.9,10.85,250.6,15.43,Poor,Clay,3,Medium
Benue,172.3,11.12,57.4,9.85,Good,Clay,4,Medium
Delta,287.2,4.42,389.2,8.72,Good,Loamy,2,Low
Anambra,265.1,3.47,178.4,5.53,Good,Loamy,1,Low
Rivers,51.9,4.24,379.3,6.95,Good,Clay,5,Low
Kwara,79.0,9.39,55.6,16.86,Good,Loamy,3,Medium
Benue,166.1,5.39,307.4,9.31,Good,Sandy,4,Low
Benue,402.9,3.32,247.8,2.09,Poor,Sandy,5,Low
Kogi,108.8,2.53,328.4,3.54,Fair,Sandy,4,Low
Lagos,334.4,4.94,241.1,9.37,Good,Loamy,4,Low
Bayelsa,439.3,2.93,385.2,23.12,Poor,Sandy,2,Low
Bayelsa,366.2,3.14,251.5,9.54,Fair,Sandy,1,Low
Bayelsa,147.2,8.68,314.3,1.61,Poor,Clay,3,High
Lagos,413.3,1.71,351.3,10.51,Fair,Clay,1,Low
Kogi,87.2,2.73,286.4,16.75,Fair,Loamy,4,Low
Lagos,237.3,10.37,210.6,14.88,Fair,Clay,2,Medium
Bayelsa,405.0,10.37,110.6,7.04,Poor,Loamy,5,High
Anambra,306.5,4.96,342.1,17.23,Fair,Loamy,2,Low
Jigawa,215.5,2.42,193.3,15.8,Good,Clay,4,Low
Rivers,167.1,8.9,249.0,4.39,Good,Clay,1,Low
Lagos,200.0,5.28,33.5,4.14,Fair,Loamy,5,Medium
Kogi,253.6,1.98,199.9,13.72,Fair,Loamy,1,Low
Kogi,177.6,3.16,279.9,16.52,Good,Loamy,2,Low
Delta,437.6,2.94,234.5,24.05,Poor,Sandy,5,Low
Jigawa,423.2,7.69,180.5,10.61,Poor,Sandy,0,Low
Kwara,398.3,10.93,90.9,19.15,Good,Clay,2,Low
Benue,218.7,9.83,125.2,3.0,Poor,Sandy,5,High
Bayelsa,326.5,7.24,280.8,22.25,Poor,Sandy,2,Low
Kwara,411.1,5.93,91.2,15.86,Fair,Loamy,3,Medium
Delta,390.2,8.0,249.4,15.76,Poor,Sandy,2,Medium
Bayelsa,215.7,6.16,236.7,3.65,Good,Clay,0,Low
Jigawa,95.0,4.08,388.2,1.09,Poor,Sandy,5,Low
Delta,80.3,8.63,26.2,17.57,Fair,Sandy,5,Medium
Bayelsa,280.8,10.67,45.0,3.01,Good,Sandy,2,Low
Jigawa,307.1,5.42,203.4,3.26,Good,Clay,1,Low
Niger,389.9,10.34,211.8,4.77,Good,Clay,3,Medium
Kwara,167.0,6.03,17.9,2.53,Fair,Loamy,3,Medium
Kwara,117.0,5.71,330.7,15.67,Good,Sandy,2,Low
Benue,201.6,1.8,198.9,10.61,Fair,Loamy,3,Low
Jigawa,191.4,8.8,140.0,6.73,Fair,Loamy,3,Medium
Lagos,103.0,9.98,128.9,11.07,Poor,Clay,2,High
Niger,318.9,8.47,344.8,21.12,Good,Loamy,0,Low
Anambra,253.5,3.09,80.3,23.18,Poor,Sandy,5,Medium
Bayelsa,338.4,2.58,65.8,12.24,Poor,Loamy,2,Medium
Niger,191.1,7.52,86.8,14.21,Fair,Clay,1,Medium
Jigawa,180.3,5.72,250.8,6.5,Poor,Clay,4,Medium
Rivers,239.0,6.01,324.8,12.89,Poor,Clay,0,Low
Bayelsa,401.0,11.66,133.7,18.73,Poor,Sandy,2,Medium
Kogi,66.1,9.1,71.0,12.35,Good,Loamy,0,Low
Kwara,371.9,5.82,85.3,7.62,Poor,Sandy,4,Medium
Jigawa,197.6,1.7,248.4,14.59,Fair,Clay,3,Low
Kogi,391.8,1.86,99.9,23.67,Good,Sandy,3,Low
Benue,370.9,8.69,351.2,22.21,Fair,Clay,4,Medium
Delta,189.5,10.3,43.3,19.25,Good,Sandy,3,Low
Anambra,327.6,8.93,14.9,6.98,Good,Sandy,0,Medium
Anambra,113.9,5.76,37.2,6.11,Good,Loamy,3,Low
Kogi,408.5,1.83,338.6,20.98,Fair,Loamy,4,Low
Kwara,211.8,11.66,261.2,4.61,Poor,Clay,4,Medium
Benue,232.3,11.86,383.2,15.18,Good,Loamy,5,Low
Rivers,332.3,7.27,135.8,11.03,Fair,Loamy,4,Medium
Kwara,378.3,2.24,86.6,11.75,Good,Sandy,1,Low
Niger,144.5,7.18,225.7,11.42,Poor,Clay,0,Low
Anambra,314.5,10.87,216.1,22.51,Good,Sandy,4,Low
Niger,206.8,8.64,237.2,2.27,Fair,Sandy,5,Medium
Bayelsa,197.5,9.06,140.3,19.59,Good,Loamy,0,Low
Lagos,326.0,2.39,4.3,20.89,Fair,Loamy,5,High
Jigawa,204.9,2.62,15.9,23.58,Poor,Clay,1,Medium
Benue,188.4,2.84,266.2,11.37,Poor,Loamy,0,Low
Kwara,384.4,11.0,210.3,12.55,Good,Sandy,2,Low
Anambra,90.5,7.02,328.8,24.04,Poor,Loamy,1,Low
Niger,320.4,9.81,121.6,11.52,Fair,Clay,1,Medium
Delta,149.5,2.71,326.6,12.64,Good,Clay,3,Low
Bayelsa,56.2,11.24,171.3,8.37,Fair,Sandy,4,Medium
Jigawa,116.7,10.12,40.5,0.89,Good,Sandy,1,Low
Jigawa,292.7,3.86,391.2,10.88,Fair,Loamy,0,Low
Kwara,333.7,10.68,205.8,16.41,Good,Clay,2,Low
Benue,58.4,4.27,252.5,17.28,Fair,Sandy,0,Low
Rivers,64.6,3.66,269.0,0.26,Fair,Loamy,0,Low
Delta,411.0,4.27,146.2,20.05,Good,Loamy,2,Low
Kwara,79.3,11.05,299.5,12.36,Fair,Loamy,5,Medium
Niger,407.7,11.11,348.4,13.07,Poor,Sandy,3,Low
Lagos,141.3,4.95,156.1,24.05,Fair,Sandy,4,Low
Kogi,346.0,8.91,263.5,7.18,Good,Loamy,1,Low
Rivers,173.9,8.6,303.3,19.07,Poor,Loamy,4,Medium
Benue,393.5,9.97,77.7,14.41,Poor,Sandy,3,Medium
Bayelsa,330.2,4.61,134.4,17.55,Fair,Clay,5,High
Rivers,210.7,6.86,45.3,10.5,Fair,Loamy,2,Low
Anambra,80.5,8.51,241.7,7.05,Fair,Clay,4,Medium
Benue,343.1,1.78,320.8,13.7,Poor,Clay,0,Low
Lagos,296.8,5.46,245.1,9.44,Poor,Sandy,1,Low
Anambra,51.2,8.81,73.6,5.65,Poor,Sandy,1,Medium
Rivers,53.8,4.15,219.5,21.0,Good,Clay,5,Low
Kogi,373.5,11.56,334.3,11.95,Good,Sandy,3,Low
Kogi,153.8,1.82,122.5,21.2,Fair,Clay,3,Medium
Lagos,304.5,11.56,333.4,11.9,Good,Clay,2,Low
Jigawa,231.7,3.78,314.3,13.96,Good,Sandy,3,Low
Delta,395.4,2.01,10.7,24.88,Fair,Sandy,4,High
Bayelsa,416.8,4.57,97.3,23.79,Fair,Loamy,1,Medium
Jigawa,448.7,9.76,218.1,6.87,Poor,Sandy,2,Low
Kogi,111.5,9.4,287.6,21.73,Poor,Loamy,3,Medium
Kogi,395.2,3.69,352.5,9.82,Fair,Sandy,0,Low
Niger,156.4,3.57,257.1,1.87,Fair,Sandy,1,Low
Anambra,286.3,8.25,153.4,14.44,Good,Sandy,2,Low
Rivers,252.3,6.31,75.5,24.43,Good,Sandy,1,Low
Bayelsa,57.2,9.82,304.5,24.36,Good,Clay,4,Low
Lagos,423.1,1.75,84.3,3.25,Fair,Sandy,5,Low
Rivers,81.3,7.91,278.8,19.3,Fair,Clay,3,Medium
Niger,325.3,9.17,74.1,20.09,Poor,Sandy,5,High
Kogi,364.0,11.93,38.2,9.28,Good,Sandy,3,Low
Lagos,368.1,8.63,101.9,16.5,Poor,Clay,3,High
Kogi,104.2,3.93,115.4,12.26,Fair,Sandy,0,Low
Bayelsa,229.0,2.64,259.6,5.77,Good,Loamy,4,Low
Anambra,381.8,8.23,66.0,19.06,Poor,Loamy,0,Medium
Rivers,171.1,6.99,372.3,6.64,Fair,Sandy,4,Low
Rivers,237.1,10.94,222.6,8.58,Poor,Loamy,4,Medium
Jigawa,159.1,9.13,197.4,4.83,Good,Loamy,4,Low
Lagos,235.4,6.85,175.0,18.01,Poor,Loamy,3,Low
Delta,405.1,5.74,227.5,11.52,Poor,Loamy,3,Low
Niger,232.0,5.75,10.9,11.14,Fair,Clay,3,High
Delta,272.4,3.88,396.1,15.15,Good,Clay,0,Low
Jigawa,211.6,1.68,223.9,4.02,Poor,Clay,2,Low
Bayelsa,234.0,7.54,16.0,22.46,Fair,Loamy,5,High
Niger,56.1,3.73,236.8,11.68,Good,Loamy,4,Low
Anambra,163.5,3.69,176.0,9.23,Fair,Clay,0,Low
Delta,224.6,2.82,11.6,3.25,Good,Loamy,3,Medium
Anambra,303.5,3.49,369.9,4.28,Fair,Clay,5,Low
Delta,230.0,1.83,6.2,23.02,Fair,Clay,3,Medium
Anambra,185.1,8.58,232.0,11.47,Fair,Clay,2,Medium
Delta,205.2,5.71,384.8,18.08,Poor,Loamy,3,Low
Anambra,146.9,7.4,96.6,2.1,Poor,Clay,4,High
Jigawa,419.8,8.19,103.2,16.12,Fair,Sandy,1,Low
Benue,258.7,11.71,2.2,23.05,Good,Clay,5,High
Niger,55.4,2.22,28.4,7.57,Fair,Clay,3,Medium
Lagos,57.8,5.89,19.9,14.52,Poor,Sandy,2,Low
Bayelsa,439.2,4.08,329.4,23.51,Good,Loamy,5,Low
Kwara,138.6,6.51,335.0,18.01,Poor,Clay,1,Low
Kogi,372.2,11.16,291.2,1.65,Fair,Sandy,5,Medium
Lagos,73.3,9.1,142.4,9.53,Poor,Loamy,4,High
Kogi,418.5,8.45,328.9,2.24,Poor,Sandy,4,Low
Niger,399.8,6.13,216.8,21.55,Poor,Clay,4,Medium
Lagos,278.4,8.55,123.1,15.58,Fair,Sandy,2,Low
Anambra,53.6,1.84,176.0,23.91,Poor,Loamy,1,Low
Anambra,153.1,7.66,28.2,0.59,Fair,Clay,4,High
Kwara,212.7,7.31,378.1,10.63,Fair,Sandy,3,Low
Kogi,234.0,5.14,248.4,2.7,Poor,Loamy,1,Low
Bayelsa,169.1,3.62,293.0,8.83,Good,Loamy,4,Low
Niger,63.2,9.98,271.3,4.13,Poor,Clay,1,Medium
Anambra,286.1,2.07,267.8,8.29,Poor,Clay,5,Low
Benue,259.7,2.23,8.9,20.5,Poor,Clay,3,High
Jigawa,163.2,6.13,211.1,4.1,Good,Clay,0,Low
Jigawa,65.2,4.15,329.0,11.89,Good,Sandy,4,Low
Delta,447.8,9.33,19.7,23.05,Fair,Loamy,3,High
Bayelsa,242.8,8.16,382.6,24.97,Good,Clay,2,Low
Jigawa,352.4,9.61,170.8,6.34,Good,Clay,5,Medium
Delta,230.9,4.91,117.4,23.4,Poor,Clay,4,High
Kogi,67.3,9.28,213.7,6.61,Fair,Sandy,0,Low
Anambra,173.8,10.55,320.9,10.4,Fair,Loamy,5,Medium
Anambra,178.0,5.13,191.0,21.96,Good,Loamy,3,Low
Benue,385.3,5.07,258.8,19.68,Good,Clay,5,Low
Lagos,311.7,10.95,201.0,21.45,Poor,Loamy,3,Medium
Jigawa,160.2,2.02,253.2,20.03,Good,Sandy,1,Low
Kogi,437.1,5.18,56.9,5.95,Good,Loamy,4,Low
Rivers,178.6,2.75,17.4,14.01,Fair,Clay,0,Low
Jigawa,449.3,1.8,56.5,9.69,Good,Loamy,2,Low
Bayelsa,448.5,2.69,115.8,11.55,Poor,Sandy,1,Low
Lagos,126.5,6.03,102.8,3.93,Fair,Sandy,4,Medium
Jigawa,175.1,8.71,246.8,7.96,Fair,Loamy,0,Low
Kogi,244.4,4.54,183.4,21.46,Good,Loamy,1,Low
Jigawa,315.6,10.42,17.4,22.45,Poor,Clay,0,High
Bayelsa,261.2,6.09,15.9,15.29,Fair,Clay,5,High
Rivers,437.8,11.67,38.1,12.51,Poor,Clay,0,Medium
Niger,339.6,11.52,142.5,17.85,Poor,Loamy,1,High
Kwara,134.8,9.62,4.5,15.26,Good,Sandy,1,Low
Rivers,92.0,11.29,198.6,24.59,Poor,Sandy,4,Medium
Delta,325.4,8.92,145.5,4.83,Fair,Loamy,1,Medium
Jigawa,113.4,10.9,223.1,11.28,Good,Sandy,5,Low
Anambra,365.1,3.98,288.9,22.96,Fair,Sandy,4,Low
Benue,174.4,5.13,101.9,22.88,Poor,Loamy,0,Low
Anambra,180.8,9.41,64.5,12.43,Poor,Sandy,1,Medium
Rivers,54.3,5.96,112.7,3.46,Good,Loamy,4,Medium
Anambra,330.4,10.29,2.7,20.39,Good,Clay,4,High
Kogi,95.3,10.72,49.8,14.67,Fair,Sandy,2,Low
Anambra,359.2,4.65,300.8,19.35,Fair,Loamy,4,Low
Lagos,246.7,10.15,90.7,11.62,Poor,Sandy,4,High
Niger,363.7,3.12,397.7,5.18,Good,Sandy,2,Low
Jigawa,283.6,5.01,68.8,0.7,Poor,Clay,3,High
Anambra,83.0,6.94,315.9,14.02,Poor,Loamy,5,High
Bayelsa,356.3,3.88,282.6,4.11,Fair,Clay,1,Low
Niger,77.9,7.58,130.2,4.76,Fair,Sandy,2,Medium
Niger,241.5,7.58,133.6,10.96,Fair,Sandy,4,Medium
Anambra,118.9,3.67,226.3,11.11,Good,Sandy,4,Low
Niger,350.9,9.85,341.2,6.93,Fair,Loamy,1,Low
Benue,414.6,8.13,155.7,3.38,Good,Clay,5,Medium
Anambra,271.7,4.84,26.3,23.63,Poor,Loamy,0,Medium
Kogi,260.9,3.94,151.0,3.38,Good,Sandy,2,Low
Rivers,355.6,10.73,84.5,8.83,Fair,Clay,3,High
Lagos,52.0,10.28,375.8,7.69,Good,Sandy,1,Low
Kwara,417.1,3.91,279.5,21.67,Good,Clay,1,Low
Delta,129.0,1.87,22.2,10.31,Fair,Loamy,2,Low
Niger,443.6,9.95,118.6,3.19,Fair,Loamy,4,Medium
Kogi,344.5,7.96,22.0,0.36,Poor,Loamy,4,High
Jigawa,359.7,2.56,332.3,18.08,Good,Loamy,3,Low
Jigawa,312.5,7.67,362.7,17.89,Poor,Loamy,2,Medium
Delta,238.7,6.25,46.7,10.5,Poor,Clay,1,Medium
Lagos,278.7,9.63,177.2,3.25,Good,Clay,2,Low
Niger,68.6,3.7,372.9,9.35,Poor,Sandy,0,Low
Benue,299.6,6.26,59.8,14.79,Good,Clay,1,Low
Delta,300.4,3.14,118.2,17.63,Poor,Sandy,3,Medium
Lagos,406.5,11.55,123.1,2.05,Poor,Loamy,3,High
Niger,252.3,9.68,14.0,13.95,Good,Clay,1,High
Kogi,80.9,9.24,16.4,6.98,Fair,Clay,4,High
Rivers,172.5,8.75,381.2,15.47,Good,Loamy,1,Low
Benue,312.3,5.95,229.3,16.24,Fair,Loamy,1,Low
Kwara,145.7,11.19,124.0,22.77,Good,Loamy,0,Low
Jigawa,162.2,2.27,152.7,10.32,Good,Sandy,1,Low
Bayelsa,378.2,9.93,286.5,13.49,Fair,Sandy,5,Low
Kogi,283.7,3.76,147.9,6.78,Fair,Clay,5,High
Jigawa,253.4,4.9,92.6,7.24,Good,Loamy,2,Low
Anambra,177.4,6.95,42.5,1.25,Good,Clay,2,Medium
Bayelsa,342.4,9.72,292.1,7.22,Good,Loamy,3,Low
Jigawa,165.1,10.3,73.9,1.69,Fair,Loamy,4,High
Lagos,344.8,7.63,29.7,24.1,Good,Loamy,3,Medium
Benue,78.0,5.73,171.9,15.64,Fair,Loamy,0,Low
Jigawa,395.8,11.44,17.7,4.41,Poor,Loamy,1,High
Kwara,249.8,4.09,386.1,3.01,Fair,Sandy,3,Low
Rivers,225.4,9.93,251.7,9.32,Poor,Clay,1,Medium
Lagos,294.4,7.93,62.8,7.76,Good,Loamy,3,Medium
Kogi,299.7,5.46,70.6,7.05,Good,Sandy,1,Low
Kogi,102.8,1.51,228.8,11.76,Fair,Sandy,3,Low
Kogi,352.5,6.19,143.9,22.83,Poor,Loamy,5,High
Kogi,160.4,4.41,310.2,14.24,Good,Loamy,5,Low
Rivers,412.0,2.6,219.2,13.08,Good,Sandy,5,Low
Jigawa,377.1,2.29,174.5,20.18,Poor,Loamy,2,Low
Niger,188.5,5.15,385.3,0.2,Good,Sandy,0,Low
Jigawa,373.1,7.95,157.5,5.01,Good,Loamy,3,Low
Anambra,192.6,10.29,161.4,12.46,Fair,Sandy,2,Low
Benue,90.4,3.43,267.0,17.66,Good,Loamy,4,Low
Bayelsa,434.8,5.96,324.2,12.18,Poor,Sandy,3,Low
Niger,311.0,5.62,251.2,4.18,Good,Clay,1,Low
Niger,232.4,6.89,280.0,23.26,Fair,Loamy,0,Low
Jigawa,209.1,10.0,150.4,8.28,Good,Loamy,2,Low
Niger,179.9,7.31,192.8,19.73,Poor,Sandy,2,Low
Delta,442.6,10.39,80.4,22.3,Good,Loamy,0,Low
Delta,103.9,6.94,272.7,8.73,Poor,Clay,3,High
Anambra,175.9,7.84,90.1,21.15,Fair,Clay,1,Medium
Bayelsa,244.2,6.09,2.5,17.8,Good,Sandy,4,Low
Kwara,241.2,10.14,373.6,22.62,Good,Sandy,3,Low
Rivers,238.5,11.2,123.8,6.36,Fair,Loamy,0,Medium
Jigawa,120.3,8.21,80.3,23.29,Poor,Sandy,3,Medium
Rivers,108.0,10.12,108.7,1.73,Poor,Clay,3,High
Kwara,151.9,2.12,133.5,19.86,Good,Clay,0,Low
Jigawa,415.8,11.01,190.9,10.95,Poor,Loamy,0,Low
Jigawa,95.2,3.48,29.6,4.53,Poor,Clay,4,High
Bayelsa,353.0,4.19,23.0,2.08,Good,Sandy,0,Low
Rivers,353.0,2.06,118.6,9.8,Poor,Loamy,0,Medium
Delta,373.9,11.64,119.7,9.79,Poor,Loamy,0,Medium
Kogi,404.6,10.45,48.8,5.83,Good,Loamy,2,Medium
Rivers,155.2,11.09,163.1,5.47,Good,Sandy,0,Low
Benue,139.8,10.4,115.0,10.05,Poor,Loamy,0,Medium
Benue,236.2,6.54,12.4,10.31,Good,Loamy,0,Low
Jigawa,156.0,11.2,354.5,11.11,Poor,Clay,4,Medium
Kogi,343.7,11.68,354.6,21.73,Poor,Clay,3,Medium
Lagos,304.4,6.78,85.3,15.32,Poor,Loamy,0,Medium
Kwara,400.0,3.34,66.8,0.61,Poor,Sandy,0,Medium
Anambra,83.1,8.42,219.8,13.03,Good,Sandy,4,Low
Kogi,416.0,11.74,253.0,19.09,Good,Sandy,3,Low
Anambra,167.3,10.66,383.1,1.5,Fair,Sandy,4,Medium
Rivers,246.3,10.55,152.2,10.62,Good,Clay,5,Medium
Rivers,225.4,11.31,248.0,11.34,Fair,Sandy,1,Low
Anambra,354.1,10.89,351.5,23.86,Poor,Sandy,1,Low
Kwara,218.1,9.65,181.1,11.94,Good,Loamy,1,Low
Kogi,427.4,9.04,50.7,18.77,Poor,Sandy,0,Medium
Lagos,411.0,4.28,152.2,7.64,Fair,Sandy,4,Low
Jigawa,398.9,8.02,56.4,19.5,Good,Sandy,0,Low
Bayelsa,78.5,6.98,8.6,8.13,Good,Sandy,1,Low
Rivers,391.7,10.55,301.1,10.81,Good,Clay,3,Low
Benue,362.7,6.66,96.9,12.04,Good,Loamy,3,Low
Kwara,91.4,2.84,2.8,23.17,Poor,Clay,5,High
Bayelsa,93.0,1.55,349.2,1.43,Good,Loamy,4,Low
Lagos,90.5,8.62,178.6,5.0,Fair,Loamy,5,Medium
Niger,54.5,7.27,97.1,17.67,Good,Loamy,3,Low
Jigawa,269.5,4.98,106.6,14.48,Fair,Loamy,1,Low
Rivers,439.4,3.27,97.7,6.36,Fair,Clay,5,High
Jigawa,225.5,6.4,79.4,7.3,Poor,Loamy,5,Medium
Bayelsa,266.3,2.55,336.8,9.25,Good,Sandy,5,Low
Jigawa,437.2,5.03,69.8,11.31,Fair,Sandy,4,Low
Niger,152.1,5.48,225.6,20.47,Good,Loamy,4,Low
Bayelsa,393.4,6.39,32.8,0.44,Poor,Sandy,1,Medium
Rivers,268.6,6.4,379.9,22.46,Poor,Sandy,1,Low
Kogi,277.8,4.2,242.1,10.38,Good,Loamy,1,Low
Benue,187.3,10.43,361.5,5.84,Fair,Loamy,5,Medium
Bayelsa,274.6,5.23,160.4,12.76,Poor,Loamy,1,Low
Delta,79.3,3.91,324.6,16.53,Fair,Clay,4,Medium
Niger,355.9,3.35,341.8,1.21,Fair,Loamy,3,Low
Bayelsa,163.9,4.89,281.8,17.92,Good,Loamy,1,Low
Bayelsa,405.0,2.21,39.0,19.04,Poor,Clay,2,Medium
Delta,197.1,1.85,8.4,4.24,Good,Sandy,4,Low
Rivers,107.1,7.85,69.1,4.28,Good,Clay,0,Low
Bayelsa,328.4,8.0,49.0,5.17,Good,Sandy,3,Low
Benue,115.8,7.06,290.6,19.94,Fair,Clay,4,Low
Jigawa,351.5,9.5,223.7,6.87,Good,Loamy,1,Low
Rivers,437.2,1.91,211.3,19.92,Poor,Clay,5,Low
Benue,361.8,11.33,102.6,13.56,Fair,Loamy,2,Medium
Rivers,59.0,2.5,63.5,19.2,Good,Sandy,0,Low
Benue,290.0,8.58,84.2,13.89,Poor,Loamy,3,Medium
Niger,328.2,2.9,161.3,8.46,Good,Clay,1,Low
Benue,380.2,10.74,296.6,22.78,Good,Clay,4,Low
Anambra,72.4,6.86,103.3,17.91,Good,Sandy,4,Low
Benue,242.0,2.36,280.0,12.15,Fair,Loamy,3,Low
Kogi,264.1,7.98,197.6,15.97,Good,Sandy,2,Low
Kogi,117.6,1.6,354.4,15.43,Poor,Loamy,5,Medium
Kwara,179.0,9.65,94.7,9.02,Good,Loamy,1,Low
Anambra,226.1,8.33,181.4,10.65,Good,Sandy,3,Low
Anambra,383.3,3.73,40.5,8.02,Fair,Sandy,3,Low
Jigawa,421.8,5.43,135.4,24.99,Good,Loamy,4,Low
Anambra,301.4,1.58,203.7,14.54,Poor,Sandy,3,Low
Jigawa,208.0,8.78,293.6,2.39,Poor,Loamy,0,Low
Kwara,151.6,4.89,80.8,13.03,Good,Sandy,0,Low
Kwara,442.9,7.5,88.8,1.34,Poor,Sandy,1,Medium
Niger,443.2,11.55,253.4,7.29,Poor,Sandy,3,Low
Kogi,420.0,4.64,154.2,11.2,Good,Clay,4,Low
Benue,364.3,11.9,193.9,13.4,Poor,Sandy,5,Medium
Benue,180.3,8.14,334.8,24.41,Poor,Clay,1,Medium
Delta,376.8,4.04,200.6,24.56,Good,Loamy,2,Low
Delta,213.5,6.09,261.7,2.54,Fair,Loamy,4,Low
Lagos,180.7,9.27,263.4,13.5,Fair,Sandy,2,Low
Rivers,347.9,6.19,321.8,20.45,Good,Clay,1,Low
Niger,81.9,2.22,256.0,6.02,Fair,Loamy,0,Low
Lagos,69.4,3.27,27.8,18.79,Fair,Clay,4,Medium
Lagos,229.2,9.81,138.2,21.98,Fair,Clay,5,High
Bayelsa,228.3,8.31,395.7,16.6,Fair,Loamy,4,Low
Bayelsa,408.3,7.48,80.2,8.26,Good,Clay,1,Low
Lagos,100.5,3.26,235.5,23.09,Fair,Clay,4,Low
Anambra,99.3,10.3,337.5,22.1,Fair,Loamy,4,Medium
Rivers,109.0,11.59,235.5,17.92,Good,Sandy,1,Low
Niger,61.9,1.93,150.2,9.16,Good,Sandy,3,Low
Lagos,78.7,2.32,33.9,19.82,Fair,Clay,1,Medium
Benue,313.9,10.79,145.9,7.97,Poor,Sandy,4,High
Rivers,222.6,10.06,74.5,6.4,Good,Loamy,5,Medium
Bayelsa,355.4,7.99,384.4,12.92,Good,Loamy,5,Low
Benue,447.0,11.42,286.6,24.93,Fair,Loamy,1,Low
Bayelsa,313.6,8.29,300.3,20.13,Poor,Clay,4,High
Bayelsa,70.2,3.77,175.5,18.27,Good,Loamy,2,Low
Rivers,91.8,9.15,45.8,11.36,Good,Clay,2,Medium
Bayelsa,402.4,8.28,108.2,7.87,Good,Clay,0,Medium
Kwara,261.0,11.85,105.4,21.41,Poor,Loamy,1,High
Kogi,379.9,3.75,195.7,14.24,Good,Loamy,1,Low
Kwara,392.6,7.78,185.5,20.35,Good,Clay,2,Medium
Kogi,421.1,9.69,174.5,12.25,Poor,Loamy,2,Medium
Delta,429.9,5.06,199.4,18.87,Good,Sandy,2,Low
Delta,271.9,5.49,394.8,21.71,Poor,Clay,5,High
Bayelsa,186.4,10.82,120.7,9.85,Poor,Clay,5,High
Niger,434.7,5.74,246.9,0.44,Poor,Loamy,0,Low
Niger,269.0,8.06,97.3,6.45,Fair,Loamy,0,Low
Kogi,75.7,10.84,187.7,22.88,Good,Clay,3,Low
Benue,307.1,3.7,81.6,17.22,Good,Clay,5,Medium
Rivers,285.1,11.81,224.2,18.46,Good,Clay,1,Low
Bayelsa,408.3,8.87,107.5,8.2,Poor,Loamy,0,Medium
Rivers,311.3,6.71,16.6,17.56,Fair,Clay,4,High
Kwara,189.6,6.02,326.5,16.19,Poor,Sandy,1,Low
Niger,436.5,11.52,53.0,4.54,Good,Sandy,3,Low
Anambra,370.6,3.66,148.5,24.22,Poor,Loamy,2,Medium
Kwara,302.2,4.77,191.9,8.92,Fair,Clay,3,Low
Kwara,167.2,4.73,174.1,8.3,Good,Clay,1,Low
Kogi,199.4,4.53,290.8,9.29,Poor,Sandy,2,Low
Jigawa,318.0,6.42,239.5,2.38,Fair,Clay,3,Medium
Kwara,78.8,11.89,119.6,15.66,Poor,Loamy,3,High
Bayelsa,152.7,10.83,22.6,6.04,Poor,Loamy,1,Medium
Lagos,335.6,4.94,307.5,20.1,Good,Loamy,0,Low
Lagos,242.0,5.94,142.3,9.91,Fair,Clay,4,High
Bayelsa,211.0,8.53,356.1,11.52,Poor,Clay,3,High
Jigawa,110.6,1.68,159.2,16.2,Fair,Sandy,4,Low
Jigawa,226.7,10.11,287.6,19.07,Good,Sandy,5,Low
Kogi,358.3,10.74,375.9,5.85,Good,Loamy,5,Medium
Niger,155.6,10.5,261.2,24.16,Good,Clay,1,Low
Rivers,52.2,5.44,166.6,15.6,Fair,Clay,1,Low
Jigawa,317.4,6.35,227.8,0.24,Fair,Loamy,0,Low
Anambra,439.1,1.63,218.3,10.45,Poor,Loamy,2,Low
Kogi,292.7,5.69,234.8,10.98,Fair,Sandy,4,Low
Delta,98.0,6.33,60.4,20.25,Good,Sandy,3,Low
Benue,178.3,11.02,280.0,7.7,Poor,Loamy,2,Medium
Delta,397.1,10.89,59.7,8.35,Fair,Clay,5,High
Kogi,143.0,11.64,7.8,1.86,Good,Sandy,5,Low
Kwara,293.1,10.79,250.7,7.16,Good,Loamy,4,Low
Rivers,211.1,1.59,48.5,17.95,Poor,Clay,4,High
Benue,133.1,8.24,308.6,15.91,Good,Loamy,2,Low
Delta,375.4,2.22,346.7,2.13,Fair,Clay,2,Low
Benue,347.1,4.36,378.0,2.96,Good,Sandy,0,Low
Anambra,314.6,7.57,266.5,9.49,Poor,Clay,3,Medium
Anambra,144.5,8.86,193.8,18.62,Good,Clay,3,Low
Anambra,89.1,8.37,142.2,20.84,Good,Loamy,3,Medium
Kogi,280.5,2.02,197.4,0.46,Fair,Clay,5,High
Rivers,271.5,2.59,77.8,8.29,Fair,Sandy,5,Low
Kogi,125.4,2.85,140.7,10.66,Fair,Loamy,2,Low
Lagos,72.5,2.46,287.7,22.79,Fair,Loamy,0,Low
Kwara,82.3,3.37,88.5,12.59,Good,Loamy,1,Low
Kwara,447.1,8.73,107.1,6.82,Fair,Loamy,0,Medium
Anambra,363.4,10.22,300.2,9.81,Good,Loamy,5,Low
Lagos,418.8,5.79,72.8,10.97,Fair,Loamy,2,Low
Jigawa,128.0,8.77,99.9,16.78,Fair,Loamy,0,Medium
Jigawa,434.2,3.6,9.0,1.12,Fair,Sandy,2,High
Anambra,107.1,11.72,288.6,9.8,Good,Sandy,4,Low
Delta,253.6,5.17,247.9,16.2,Fair,Loamy,4,Low
Kogi,381.9,10.38,278.4,7.15,Good,Clay,1,Low
Anambra,189.9,11.43,87.3,14.83,Fair,Loamy,5,High
Niger,219.9,10.58,275.6,9.0,Fair,Loamy,4,Medium
Benue,101.3,2.2,239.4,18.99,Poor,Loamy,1,Low
Kwara,99.2,8.33,147.7,1.61,Fair,Clay,3,Medium
Jigawa,297.8,2.76,176.3,22.96,Good,Sandy,2,Low
Bayelsa,320.2,1.56,228.0,4.37,Poor,Clay,3,Low
Jigawa,360.9,2.04,198.3,4.05,Good,Clay,3,Low
Kwara,272.7,11.12,257.4,21.03,Good,Clay,1,Low
Benue,308.3,11.04,74.0,21.75,Poor,Clay,2,High
Kwara,55.4,3.87,217.2,2.42,Fair,Loamy,1,Low
Bayelsa,114.9,7.24,181.2,22.73,Poor,Sandy,0,Low
Anambra,444.0,11.53,185.5,6.91,Good,Clay,3,Low
Lagos,80.4,6.72,188.8,15.5,Fair,Sandy,2,Low
Bayelsa,321.5,5.63,352.8,1.81,Poor,Loamy,3,Medium
Kwara,120.4,6.57,327.8,9.58,Good,Loamy,0,Low
Kwara,336.7,9.8,252.6,11.32,Fair,Sandy,5,Low
Niger,332.4,6.51,287.2,15.04,Good,Loamy,0,Low
Niger,143.7,9.72,19.0,13.18,Fair,Sandy,5,Medium
Rivers,157.9,6.03,298.1,11.59,Fair,Clay,2,Low
Niger,311.9,4.15,195.5,24.0,Poor,Loamy,2,Low
Kogi,206.0,4.93,128.5,4.71,Fair,Loamy,0,Low
Lagos,127.8,2.32,57.6,4.03,Good,Sandy,3,Low
Benue,342.7,6.72,31.9,17.86,Fair,Loamy,4,High
Bayelsa,111.7,3.06,19.9,1.96,Good,Clay,3,Medium
Kwara,392.3,10.02,66.4,12.12,Fair,Loamy,4,Medium
Rivers,255.9,5.92,14.0,12.15,Fair,Loamy,1,Medium
Rivers,92.3,9.53,293.6,7.82,Poor,Loamy,2,Low
Benue,327.6,11.52,100.9,23.27,Fair,Sandy,0,Low
Lagos,257.7,10.42,148.8,7.14,Fair,Clay,1,Medium
Bayelsa,169.2,11.49,329.4,7.28,Good,Clay,3,Low
Jigawa,219.0,7.46,47.6,5.93,Good,Loamy,4,Low
Niger,169.3,3.24,334.6,3.73,Good,Loamy,5,Low
Anambra,155.2,11.32,256.5,9.16,Fair,Sandy,2,Low
Rivers,115.4,10.62,138.1,17.05,Good,Clay,4,Medium
Niger,195.1,10.58,48.9,18.58,Good,Loamy,3,Low
Niger,150.4,8.78,38.4,20.35,Fair,Clay,3,Medium
Kogi,323.4,8.06,135.5,5.02,Good,Loamy,0,Low
Lagos,323.6,1.65,57.9,0.99,Poor,Loamy,1,High
Anambra,250.7,9.35,108.5,24.37,Poor,Sandy,2,Medium
Jigawa,361.2,2.46,23.1,0.46,Good,Clay,0,Low
Kwara,386.5,4.23,238.8,24.02,Good,Clay,4,Low
Kogi,281.9,7.29,59.8,20.74,Good,Loamy,1,Low
Niger,297.6,6.24,303.2,22.81,Fair,Loamy,2,Low
Niger,163.2,1.67,88.8,9.74,Poor,Sandy,4,Medium
Delta,407.9,10.15,319.6,5.01,Poor,Loamy,2,Medium
Anambra,59.7,10.73,77.6,15.2,Good,Clay,2,Medium
Anambra,189.4,8.66,289.1,18.56,Good,Sandy,5,Low
Delta,338.7,7.18,134.6,3.36,Fair,Clay,5,Medium
Anambra,82.0,11.59,234.1,19.96,Fair,Sandy,1,Low
Niger,123.3,2.76,17.4,5.29,Poor,Clay,5,High
Rivers,285.7,9.25,199.1,12.34,Fair,Loamy,4,Low
Bayelsa,274.0,2.85,61.2,21.43,Poor,Clay,5,High
Niger,345.6,5.51,195.6,4.92,Good,Clay,0,Low
Kogi,375.0,7.65,58.3,6.12,Good,Sandy,0,Low
Lagos,101.4,9.24,176.0,1.66,Poor,Clay,0,Medium
Delta,57.4,1.54,46.0,3.75,Good,Loamy,2,Low
Jigawa,325.9,4.24,89.5,3.75,Fair,Sandy,3,Low
Kwara,170.6,7.15,238.8,5.17,Good,Sandy,1,Low
Jigawa,300.4,7.1,390.7,7.23,Good,Clay,0,Low
Niger,110.2,8.2,180.8,20.39,Poor,Sandy,1,Low
Kogi,237.6,4.69,275.5,22.9,Fair,Loamy,5,Low
Niger,251.8,7.18,216.7,10.22,Fair,Clay,2,Low
Lagos,284.0,3.49,200.3,3.29,Good,Loamy,1,Low
Rivers,255.3,3.46,27.8,5.67,Good,Clay,0,Low
Kwara,248.3,7.55,59.4,18.43,Fair,Clay,0,Medium
Lagos,183.1,8.7,353.5,16.97,Fair,Sandy,2,Low
Delta,78.5,2.76,165.2,24.18,Poor,Sandy,2,Low
Delta,85.8,2.79,246.5,0.46,Good,Sandy,4,Low
Niger,223.5,7.44,212.2,18.79,Good,Clay,2,Low
Kogi,192.3,4.34,152.8,12.69,Fair,Sandy,3,Low
Lagos,256.5,5.62,156.4,22.58,Poor,Loamy,3,Medium
Benue,171.9,5.71,223.1,14.45,Fair,Sandy,0,Low
Kogi,325.2,3.37,58.2,11.22,Good,Loamy,5,Medium
Rivers,395.6,1.51,156.1,16.68,Good,Sandy,2,Low
Delta,169.5,10.46,179.9,20.85,Good,Clay,3,Low
Niger,127.2,9.01,394.1,7.13,Good,Sandy,3,Low
Anambra,96.5,8.75,141.9,2.78,Poor,Loamy,4,High
Delta,296.5,7.24,258.5,10.88,Good,Loamy,5,Low
Kwara,227.5,8.86,56.7,5.44,Fair,Sandy,5,High
Bayelsa,125.2,11.32,28.1,10.8,Poor,Loamy,2,High
Anambra,311.3,8.49,348.9,24.78,Poor,Clay,4,High
Niger,109.4,4.28,292.8,14.4,Good,Sandy,5,Low
Benue,271.7,7.49,128.4,17.37,Poor,Loamy,5,High
Anambra,260.9,6.14,202.8,16.98,Good,Sandy,1,Low
Kwara,343.7,7.34,56.0,20.54,Poor,Sandy,4,Low
Kogi,72.0,6.93,283.4,23.61,Poor,Sandy,5,Low
Benue,405.1,10.52,30.0,16.5,Fair,Sandy,1,Low
Delta,331.2,8.34,303.3,11.95,Fair,Sandy,1,Low
Benue,136.5,3.48,219.6,8.01,Fair,Clay,5,Low
Lagos,123.4,2.16,113.0,9.07,Poor,Sandy,2,Low
Kwara,222.7,5.96,345.3,8.43,Fair,Clay,1,Low
Anambra,377.0,1.66,394.5,8.18,Fair,Sandy,1,Low
Lagos,387.2,4.84,103.2,17.4,Fair,Loamy,4,Medium
Benue,258.2,5.36,322.9,14.73,Poor,Sandy,2,Low
Lagos,394.3,5.44,300.6,5.13,Good,Sandy,2,Low
Jigawa,52.2,11.78,299.4,24.24,Fair,Loamy,1,Low
Kwara,64.1,4.69,383.0,10.75,Poor,Clay,4,Medium
Rivers,414.7,4.28,195.7,14.2,Poor,Clay,4,Low
Kogi,360.1,2.86,270.3,17.59,Good,Clay,4,Low
Benue,230.3,6.87,329.9,15.38,Fair,Clay,4,Medium
Kwara,351.4,3.11,192.9,7.85,Poor,Loamy,0,Low
Rivers,432.3,7.97,193.6,19.96,Poor,Clay,5,High
Rivers,358.8,3.13,128.8,2.84,Poor,Clay,1,Medium
Niger,386.9,7.56,312.8,14.27,Good,Clay,1,Low
Lagos,354.2,10.18,275.1,6.91,Fair,Clay,1,Low
Rivers,117.3,1.95,181.6,15.43,Poor,Clay,2,Medium
Jigawa,383.4,5.91,168.9,5.53,Poor,Sandy,2,Low
Kwara,128.0,6.34,30.9,19.33,Poor,Sandy,4,Medium
Bayelsa,407.0,9.81,4.6,5.77,Poor,Clay,5,High
Bayelsa,233.5,6.41,212.5,22.27,Fair,Loamy,2,Low
Benue,320.8,7.46,168.2,21.55,Fair,Loamy,3,Low
Delta,248.9,9.81,318.8,9.12,Poor,Sandy,1,Low
Lagos,87.6,7.38,218.0,9.71,Poor,Loamy,1,Low
Delta,166.3,5.26,374.8,17.57,Poor,Sandy,0,Low
Rivers,443.5,2.4,80.1,2.35,Good,Clay,0,Low
Kwara,434.3,9.16,396.1,2.11,Good,Clay,3,Low
Benue,178.2,10.65,120.6,3.49,Good,Loamy,0,Low
Anambra,448.5,11.69,257.7,14.11,Poor,Loamy,5,Medium
Rivers,388.2,11.23,201.7,3.81,Good,Loamy,4,Low
Lagos,294.4,9.87,145.1,7.01,Fair,Clay,4,High
Bayelsa,66.0,8.26,57.4,16.21,Good,Clay,1,Medium
Niger,410.6,9.71,55.7,0.49,Poor,Loamy,4,High
Kwara,273.0,6.04,285.2,4.59,Fair,Loamy,0,Low
Kogi,397.4,7.75,152.3,23.26,Poor,Loamy,3,Medium
Delta,383.8,5.16,384.6,16.62,Fair,Loamy,5,Low
Benue,383.2,4.93,131.6,7.71,Good,Sandy,4,Low
Delta,329.3,9.45,393.4,1.23,Good,Loamy,1,Low
Kwara,166.6,6.27,83.8,14.69,Fair,Loamy,1,Low
Delta,184.5,3.73,42.9,5.65,Fair,Sandy,5,Medium
Kwara,173.4,3.62,126.4,24.01,Poor,Sandy,0,Low
Delta,58.0,10.52,354.5,17.21,Fair,Sandy,4,Low
Jigawa,283.0,8.62,209.7,24.36,Poor,Sandy,0,Low
Anambra,329.5,7.23,56.0,21.24,Fair,Loamy,1,Low
Rivers,391.5,5.71,82.6,12.13,Fair,Clay,3,Medium
Rivers,106.1,6.02,125.9,16.77,Good,Clay,4,Medium
Lagos,267.7,2.1,236.9,20.32,Good,Clay,3,Low
Kogi,53.2,6.28,134.3,14.5,Poor,Clay,5,High
Kogi,88.0,9.85,299.3,1.63,Poor,Clay,4,High
Lagos,71.7,5.57,247.3,11.81,Poor,Clay,1,Low
Niger,340.2,5.53,349.8,3.35,Fair,Sandy,4,Low
Rivers,82.4,1.67,201.4,17.9,Fair,Sandy,1,Low
Niger,336.6,6.31,133.8,17.05,Poor,Clay,2,Medium
Kwara,149.8,1.77,398.5,24.82,Fair,Loamy,1,Low
Kwara,401.1,7.49,143.5,15.76,Good,Loamy,1,Low
Bayelsa,375.3,6.82,172.6,20.02,Fair,Clay,5,Medium
Delta,433.1,10.32,324.0,6.78,Good,Loamy,4,Low
Kogi,403.5,7.61,37.3,8.57,Poor,Sandy,3,High
Bayelsa,423.3,4.9,155.8,22.93,Fair,Sandy,1,Low
Anambra,393.5,6.92,36.1,18.9,Poor,Loamy,4,Medium
Lagos,327.4,8.85,57.4,16.42,Good,Clay,1,Medium
Lagos,118.1,2.49,3.8,6.43,Poor,Sandy,0,Low
Kwara,158.7,8.02,5.8,17.49,Good,Loamy,0,Low
Rivers,135.1,11.12,153.4,22.18,Good,Loamy,0,Low
Niger,291.4,4.64,324.0,5.85,Poor,Sandy,0,Low
Kogi,251.4,8.08,235.6,17.68,Good,Sandy,3,Low
Bayelsa,396.8,10.12,254.7,9.9,Poor,Clay,5,High
Niger,431.1,6.87,208.7,3.06,Poor,Loamy,1,Low
Bayelsa,211.9,9.04,328.3,19.11,Poor,Clay,0,Medium
Delta,252.5,4.77,352.4,4.26,Good,Sandy,4,Low
Anambra,438.6,4.71,340.2,6.4,Good,Loamy,0,Low
Anambra,160.5,8.51,325.2,19.6,Fair,Sandy,2,Low
Niger,367.0,8.91,74.7,18.58,Poor,Sandy,2,Medium
Niger,140.1,11.34,238.4,6.43,Poor,Sandy,5,Low
Niger,322.6,3.86,233.7,23.53,Poor,Clay,3,Medium
Bayelsa,151.4,6.42,212.1,5.46,Poor,Sandy,2,Low
Delta,403.5,4.13,193.4,24.84,Poor,Clay,4,Medium
Jigawa,274.6,2.34,37.5,18.47,Poor,Sandy,0,Low
Niger,124.4,5.73,42.7,9.87,Poor,Sandy,2,Low
Rivers,139.7,5.43,361.1,3.35,Fair,Loamy,2,Low
Kogi,247.5,4.34,252.8,8.08,Fair,Sandy,3,Low
Kogi,434.6,4.62,106.4,4.92,Poor,Loamy,2,Low
Bayelsa,357.9,5.28,113.2,15.58,Poor,Loamy,0,Low
Niger,245.3,11.88,244.9,8.99,Fair,Clay,5,Medium
Kwara,185.1,9.72,164.0,7.45,Fair,Loamy,5,Low
Lagos,269.7,2.25,177.6,18.95,Poor,Loamy,5,Medium
Jigawa,349.3,10.66,26.1,5.84,Poor,Sandy,1,Low
Rivers,363.6,8.15,57.2,14.71,Fair,Sandy,0,Low
Delta,179.8,10.85,158.6,4.95,Fair,Clay,2,Medium
Kwara,338.5,5.09,280.5,17.9,Poor,Loamy,2,Low
Anambra,313.1,6.38,21.1,15.67,Fair,Loamy,2,Low
Kwara,433.6,10.91,135.2,19.97,Poor,Clay,3,High
Bayelsa,422.4,4.36,278.6,1.81,Good,Sandy,4,Low
Jigawa,365.8,11.11,317.2,5.33,Poor,Loamy,0,Low
Benue,339.4,10.2,77.7,3.95,Poor,Clay,5,High
Benue,159.6,11.8,293.1,4.84,Poor,Sandy,2,Low
Niger,388.4,4.9,382.3,2.67,Fair,Clay,1,Low
Niger,221.0,3.98,362.9,14.1,Poor,Clay,3,Low
Bayelsa,158.9,4.97,316.2,14.88,Poor,Loamy,4,Low
Delta,203.7,11.52,285.5,21.1,Fair,Sandy,2,Low
Niger,384.4,5.0,95.6,10.5,Good,Loamy,5,Low
Lagos,109.5,7.43,254.3,13.36,Good,Loamy,0,Low
Jigawa,232.5,5.74,258.0,24.78,Fair,Sandy,1,Low
Bayelsa,246.9,5.66,163.9,13.34,Poor,Sandy,5,Low
Kogi,64.7,3.53,198.2,14.38,Good,Sandy,3,Low
Anambra,128.3,7.14,278.2,24.9,Good,Loamy,0,Low
Bayelsa,380.7,10.42,380.9,24.85,Fair,Sandy,0,Low
Bayelsa,382.3,2.02,119.5,10.66,Good,Sandy,3,Low
Benue,167.0,10.84,100.1,15.91,Good,Sandy,0,Low
Rivers,400.0,8.49,241.5,12.07,Fair,Clay,1,Low
Delta,358.7,7.98,54.1,18.05,Good,Sandy,1,Low
Rivers,217.2,8.07,233.8,23.47,Poor,Loamy,0,Low
Lagos,349.4,4.61,37.4,7.81,Fair,Clay,2,Medium
Kogi,434.5,5.86,197.3,20.49,Poor,Loamy,0,Low
Benue,233.6,9.89,248.9,16.41,Poor,Clay,2,Medium
Kogi,145.4,4.72,29.9,7.08,Fair,Sandy,0,Low
Lagos,426.7,6.44,84.4,19.95,Good,Clay,5,Medium
Rivers,291.5,1.71,135.5,10.74,Fair,Loamy,4,Medium
Bayelsa,92.1,9.2,148.7,3.1,Good,Clay,1,Medium
Niger,279.1,5.89,271.1,24.84,Poor,Sandy,0,Low
Niger,250.2,7.02,212.6,10.7,Good,Sandy,1,Low
Kwara,392.2,2.7,154.1,13.58,Poor,Loamy,3,Low
Anambra,262.3,11.91,181.4,20.22,Poor,Clay,4,Medium
Delta,152.1,4.68,7.2,24.03,Poor,Loamy,2,Medium
Lagos,320.3,8.17,308.7,21.83,Fair,Loamy,3,Low
Anambra,267.0,7.6,18.3,13.17,Good,Loamy,4,High
Delta,143.2,9.74,332.1,13.69,Good,Sandy,3,Low
Anambra,279.5,4.59,217.3,7.09,Good,Clay,1,Low
Rivers,378.6,9.44,212.1,11.62,Poor,Sandy,5,Medium
Delta,61.4,5.52,282.4,23.68,Fair,Sandy,4,Low
Rivers,302.3,5.82,344.1,18.2,Good,Sandy,3,Low
Bayelsa,189.8,8.56,377.2,0.4,Good,Clay,2,Medium
Benue,167.1,9.74,218.3,3.0,Fair,Sandy,4,Low
Rivers,207.0,8.5,62.0,23.1,Good,Sandy,4,Medium
Niger,186.8,10.95,351.7,21.23,Fair,Sandy,3,Low
Anambra,382.9,4.49,18.2,12.21,Fair,Clay,5,High
Kwara,159.9,10.96,323.3,15.46,Good,Clay,0,Low
Jigawa,343.3,2.87,272.8,7.31,Fair,Loamy,2,Low
Delta,87.6,8.43,362.1,19.84,Fair,Sandy,2,Low
Lagos,430.6,7.25,359.2,15.12,Good,Sandy,3,Low
Kwara,298.9,6.69,23.2,17.4,Poor,Clay,5,High
Niger,332.7,4.76,244.6,9.44,Good,Clay,1,Low
Rivers,169.2,6.79,51.6,10.82,Good,Sandy,1,Low
Benue,214.8,3.2,33.2,5.27,Poor,Loamy,0,Low
Bayelsa,139.5,5.38,180.4,23.71,Fair,Loamy,0,Low
Jigawa,423.0,2.54,40.8,23.67,Good,Sandy,3,Low
Kogi,245.2,7.5,291.7,20.46,Poor,Loamy,5,Low
Kwara,302.2,2.51,387.6,23.4,Poor,Loamy,1,Low
Benue,343.7,3.18,228.7,16.67,Good,Sandy,2,Low
Kogi,198.4,2.4,95.6,5.94,Good,Loamy,5,Low
Jigawa,338.0,5.5,337.6,19.03,Poor,Clay,1,Low
Lagos,320.4,10.34,341.5,8.2,Good,Sandy,5,Low
Lagos,332.3,11.02,293.6,11.07,Poor,Clay,3,Medium
Anambra,245.7,2.25,246.8,6.93,Good,Sandy,1,Low
Jigawa,203.2,8.16,347.4,10.65,Poor,Clay,4,Medium
Jigawa,138.8,8.69,67.0,17.02,Good,Loamy,3,Medium
Kogi,379.9,7.1,372.8,2.85,Good,Clay,4,Low
Benue,293.3,8.5,379.0,2.72,Good,Clay,5,Medium
Delta,227.7,3.95,349.1,17.13,Fair,Clay,3,Low
Kogi,427.6,6.64,101.8,19.51,Good,Clay,2,Low
Bayelsa,69.1,5.6,343.6,13.83,Poor,Clay,3,Low
Lagos,390.1,2.44,200.1,4.62,Poor,Sandy,3,Low
Lagos,449.0,8.07,238.8,10.83,Fair,Clay,3,Medium
Anambra,404.8,6.7,336.6,18.98,Fair,Clay,3,Low
Bayelsa,374.2,4.39,13.8,17.17,Fair,Sandy,0,Low
Lagos,199.7,6.47,146.5,2.84,Good,Sandy,4,Low
Kogi,142.5,9.64,326.6,24.23,Good,Loamy,3,Low
Bayelsa,343.9,9.92,326.0,5.66,Poor,Clay,3,Medium
Kogi,171.8,8.32,339.8,5.59,Poor,Clay,5,High
Delta,120.4,6.41,69.3,11.55,Good,Loamy,0,Low
Delta,364.6,7.55,282.9,8.25,Poor,Clay,1,Medium
Lagos,175.0,5.54,60.3,24.6,Good,Loamy,5,Medium
Lagos,415.8,2.83,314.5,2.0,Fair,Sandy,5,Low
Benue,386.3,5.55,99.6,7.73,Good,Clay,0,Low
Delta,389.1,7.07,295.7,9.63,Good,Clay,0,Low
Kwara,358.6,7.79,183.1,12.39,Good,Sandy,0,Low
Kwara,402.4,11.33,394.5,0.51,Poor,Clay,5,High
Anambra,372.3,9.66,232.8,2.15,Good,Sandy,5,Low
Delta,291.0,3.1,253.8,6.52,Good,Sandy,3,Low
Kogi,168.3,3.33,148.5,13.89,Good,Loamy,0,Low
Kogi,405.3,2.56,294.3,19.22,Fair,Sandy,0,Low
Niger,386.2,9.25,199.0,17.19,Good,Loamy,5,Medium
Bayelsa,239.2,8.91,9.2,14.22,Good,Sandy,5,Low
Rivers,65.6,11.86,244.2,9.99,Good,Loamy,0,Low
Kwara,305.4,6.98,332.5,21.78,Poor,Loamy,3,Low
Lagos,70.2,10.18,96.2,11.55,Fair,Loamy,2,Medium
Anambra,420.5,7.55,90.0,7.55,Fair,Loamy,2,High
Rivers,434.7,10.68,244.3,15.77,Good,Clay,1,Low
Jigawa,125.8,9.07,327.6,17.33,Good,Sandy,3,Low
Anambra,320.6,8.25,101.3,10.02,Poor,Sandy,5,High
Jigawa,86.9,7.43,373.0,0.8,Good,Sandy,0,Low
Delta,341.8,9.09,371.1,2.44,Poor,Sandy,0,Low
Jigawa,188.9,5.91,81.8,21.16,Good,Loamy,0,Low
Jigawa,322.4,2.51,107.0,1.51,Poor,Clay,2,High
Benue,199.2,1.92,280.8,14.84,Fair,Sandy,5,Low
Benue,108.2,6.53,380.8,4.67,Good,Sandy,0,Low
Benue,212.4,7.79,284.5,5.8,Poor,Sandy,0,Low
Delta,95.1,2.33,179.1,6.91,Poor,Loamy,2,Low
Rivers,280.8,4.51,69.3,1.05,Good,Sandy,0,Low
Anambra,66.4,4.88,185.5,4.51,Poor,Sandy,1,Low
Anambra,260.9,7.41,243.5,16.3,Good,Clay,5,Low
Lagos,404.5,4.42,133.7,12.52,Good,Loamy,4,Medium
Benue,385.1,2.5,205.1,19.95,Poor,Clay,1,Low
Delta,403.1,3.23,53.8,1.62,Poor,Sandy,3,Medium
Lagos,418.8,3.33,182.0,22.23,Poor,Loamy,1,Low
Bayelsa,91.8,10.35,38.1,24.91,Fair,Sandy,1,Low
Lagos,101.5,4.49,21.5,0.49,Good,Sandy,2,Low
Rivers,272.8,9.0,343.2,24.19,Good,Loamy,3,Low
Kwara,407.6,7.46,83.6,5.97,Fair,Clay,5,Medium
Jigawa,439.7,11.76,230.9,17.34,Fair,Loamy,5,Medium
Benue,68.5,4.36,61.3,7.38,Poor,Loamy,1,Low
Kwara,192.3,3.16,106.5,13.09,Good,Clay,4,Medium
Lagos,135.2,2.05,145.8,12.81,Fair,Loamy,1,Low
Delta,352.4,4.03,59.2,9.09,Fair,Clay,0,Low
Jigawa,306.1,8.68,20.3,17.97,Good,Clay,2,Medium
Anambra,98.0,2.4,351.1,15.03,Good,Loamy,0,Low
Kogi,243.4,4.07,6.7,12.76,Good,Loamy,3,Low
Jigawa,324.2,10.48,26.4,24.57,Poor,Clay,3,High
Rivers,361.6,7.62,322.4,23.51,Fair,Clay,2,Medium
Rivers,58.0,2.23,114.2,23.89,Poor,Clay,1,Medium
Lagos,406.2,2.0,289.7,22.04,Good,Clay,3,Low
Bayelsa,277.7,2.14,60.2,6.45,Good,Clay,4,Low
Rivers,374.8,11.39,96.4,8.81,Fair,Loamy,2,Medium
Rivers,373.2,10.42,230.0,5.85,Poor,Sandy,0,Low
Delta,125.9,10.37,395.5,24.66,Poor,Loamy,4,Medium
Lagos,94.1,11.2,31.2,3.9,Poor,Sandy,5,High
Jigawa,338.5,6.81,161.4,9.23,Good,Clay,2,Low
Bayelsa,112.6,4.1,19.1,5.06,Fair,Loamy,4,Medium
Kwara,390.0,5.71,81.3,5.66,Poor,Sandy,2,Medium
Kogi,340.5,9.05,363.2,6.25,Good,Clay,0,Low
Benue,386.7,10.7,40.4,16.03,Good,Loamy,1,Medium
Anambra,169.6,6.07,343.0,1.99,Poor,Sandy,2,Low
Rivers,176.6,7.12,72.8,14.36,Fair,Loamy,3,Low
Lagos,318.5,11.28,345.0,20.5,Fair,Sandy,0,Low
Benue,62.6,2.63,216.1,19.19,Poor,Loamy,0,Low
Anambra,340.6,10.55,351.5,3.86,Good,Loamy,4,Low
Anambra,384.3,3.17,62.4,22.88,Good,Sandy,3,Low
Kwara,216.1,6.58,305.3,19.28,Poor,Loamy,4,Low
Kwara,356.0,3.79,272.9,0.23,Good,Loamy,5,Low
Kwara,119.8,7.83,218.1,18.46,Good,Clay,0,Low
Niger,178.9,7.37,324.6,18.46,Poor,Sandy,2,Low
Niger,439.7,5.49,260.0,12.47,Good,Loamy,5,Low
Anambra,444.5,10.56,351.1,1.24,Poor,Sandy,3,Medium
Kwara,255.0,8.43,153.7,14.54,Poor,Loamy,0,Low
Delta,423.7,9.07,236.8,19.17,Poor,Sandy,3,Low
Rivers,259.1,3.08,348.5,6.84,Good,Sandy,5,Low
Benue,166.6,10.77,87.5,16.71,Poor,Clay,2,High
Benue,156.8,3.25,195.3,8.91,Good,Clay,1,Low
Niger,421.8,3.84,384.4,14.39,Poor,Sandy,4,Low
Anambra,119.0,2.84,190.5,9.68,Fair,Loamy,4,Low
Lagos,281.9,6.12,102.6,7.66,Good,Sandy,5,Low
Jigawa,272.2,10.82,141.7,21.41,Good,Loamy,0,Low
Jigawa,345.8,4.15,354.3,18.87,Good,Sandy,0,Low
Niger,249.7,5.42,382.0,8.7,Fair,Clay,2,Low
Lagos,158.9,10.38,380.1,10.92,Poor,Clay,0,Medium
Niger,117.8,7.99,280.2,17.32,Fair,Loamy,0,Low
Jigawa,298.3,9.39,204.8,20.3,Poor,Sandy,0,Low
Lagos,337.6,3.75,74.7,17.14,Poor,Loamy,3,Medium
Kwara,277.8,9.02,51.0,13.57,Poor,Clay,3,High
Anambra,345.3,3.89,25.8,23.86,Poor,Sandy,1,Medium
Benue,106.6,11.87,9.1,19.38,Poor,Clay,3,High
Delta,403.0,7.38,351.5,2.98,Fair,Clay,4,Low
Bayelsa,283.0,8.8,324.0,14.0,Good,Sandy,5,Low
Anambra,100.7,2.74,228.0,10.3,Fair,Loamy,1,Low
Kwara,234.8,4.13,399.5,19.89,Good,Sandy,0,Low
Jigawa,387.9,2.97,381.3,1.21,Good,Clay,4,Low
Kwara,409.0,5.6,262.7,10.33,Good,Clay,1,Low
Niger,155.9,4.48,186.9,8.03,Fair,Clay,5,Medium
Lagos,334.5,9.2,62.6,3.62,Poor,Clay,1,High
Benue,90.0,2.64,207.2,9.53,Poor,Loamy,4,Low
Rivers,63.4,9.4,64.8,16.85,Good,Sandy,1,Medium
Niger,274.2,1.98,160.6,9.11,Poor,Sandy,4,Low
Anambra,327.9,3.62,377.2,14.54,Poor,Loamy,1,Low
Niger,368.3,9.82,138.1,14.86,Fair,Loamy,1,Low
Anambra,186.1,9.3,62.8,14.72,Poor,Clay,1,High
Rivers,52.6,6.5,233.8,13.29,Poor,Sandy,4,Low
Kogi,241.8,2.02,241.7,3.01,Fair,Sandy,1,Low
Benue,56.3,7.9,79.1,5.54,Poor,Sandy,5,Medium
Delta,86.8,5.77,80.2,20.02,Good,Loamy,5,Medium
Delta,180.7,4.82,395.8,12.61,Fair,Clay,3,Low
Bayelsa,224.9,8.22,98.8,17.68,Poor,Clay,3,High
Kwara,161.8,6.08,335.6,14.29,Poor,Sandy,3,Low
Kogi,282.7,2.47,189.2,1.06,Fair,Clay,3,Medium
Delta,72.1,11.12,175.1,19.93,Good,Loamy,3,Low
Niger,107.8,9.67,119.4,1.7,Fair,Loamy,5,High
Kwara,328.1,2.09,310.0,23.59,Good,Sandy,0,Low
Kogi,106.9,7.01,352.5,5.46,Fair,Clay,1,Low
Lagos,305.9,2.38,105.9,12.86,Poor,Loamy,5,High
Lagos,71.9,10.29,39.8,1.68,Fair,Loamy,5,High
Kwara,213.0,7.94,56.5,22.38,Fair,Loamy,2,Medium
Anambra,121.0,3.31,317.5,24.5,Good,Loamy,0,Low
Anambra,93.9,1.72,175.5,3.74,Fair,Clay,4,Low
Niger,276.8,1.83,54.5,7.47,Good,Loamy,0,Low
Kogi,421.3,6.83,137.4,0.5,Fair,Loamy,2,Medium
Kogi,71.9,9.21,206.7,19.7,Poor,Clay,5,Medium
Kwara,218.6,2.77,341.1,7.86,Fair,Sandy,0,Low
Jigawa,333.0,3.82,257.4,14.76,Poor,Sandy,1,Low
Lagos,235.1,4.94,72.1,1.08,Good,Loamy,3,Low
Kogi,372.6,3.79,65.2,17.91,Good,Sandy,1,Low
Kwara,121.9,5.61,166.1,13.28,Good,Clay,0,Low
Rivers,433.8,7.38,31.9,18.15,Good,Loamy,5,Low
Bayelsa,204.1,8.69,302.7,19.76,Fair,Clay,5,Medium
Rivers,186.6,11.62,161.8,2.32,Fair,Sandy,2,Low
Benue,399.8,11.27,138.5,14.49,Fair,Sandy,4,Medium
Niger,275.5,7.49,204.6,16.28,Poor,Loamy,1,Low
Kogi,256.6,9.21,284.2,12.97,Fair,Sandy,2,Low
Benue,340.8,11.48,228.6,4.64,Poor,Loamy,4,Medium
Delta,281.9,2.38,321.4,19.91,Poor,Loamy,3,Low
Benue,115.0,1.56,252.5,24.94,Fair,Clay,1,Low
Kwara,319.7,1.81,315.6,24.23,Poor,Sandy,5,Low
Kogi,103.4,7.42,279.3,19.46,Good,Sandy,1,Low
Bayelsa,372.3,9.51,78.9,10.51,Fair,Loamy,5,Medium
Kwara,445.9,5.35,22.8,8.5,Fair,Loamy,5,High
Kwara,201.0,7.23,361.6,1.81,Poor,Loamy,3,Medium
Niger,227.9,6.92,378.4,10.47,Fair,Loamy,3,Low
Niger,68.6,2.5,291.3,3.99,Fair,Clay,0,Low
Lagos,55.5,4.88,290.2,6.43,Poor,Sandy,4,Low
Lagos,418.6,1.7,109.5,22.31,Fair,Clay,2,Low
Anambra,101.4,2.66,217.9,24.22,Fair,Sandy,3,Low
Jigawa,228.3,10.02,396.9,23.72,Fair,Clay,0,Low
Kogi,376.1,10.21,342.7,4.91,Poor,Loamy,4,Medium
Kogi,405.7,9.92,123.1,22.53,Fair,Clay,4,High
Benue,257.8,9.13,121.8,3.62,Fair,Clay,1,Medium
Kogi,276.0,9.83,194.5,12.74,Fair,Loamy,0,Low
Kogi,317.9,8.55,163.0,16.13,Good,Loamy,0,Low
Jigawa,434.6,8.53,149.7,11.62,Fair,Sandy,1,Medium
Delta,291.1,8.51,251.5,23.8,Poor,Sandy,2,Medium
Lagos,273.8,6.9,6.6,8.4,Good,Clay,3,High
Lagos,55.8,5.32,305.8,13.23,Poor,Clay,5,Medium
Bayelsa,82.4,9.17,296.5,1.98,Fair,Clay,1,Medium
Kogi,280.9,4.64,332.5,21.32,Fair,Loamy,3,Low
Jigawa,424.5,7.2,336.9,10.39,Fair,Sandy,5,Low
Lagos,396.7,6.05,227.4,17.54,Good,Clay,0,Low
Jigawa,443.0,4.4,312.5,17.09,Fair,Sandy,1,Low
Rivers,261.1,11.73,198.0,16.94,Poor,Sandy,5,Medium
Delta,365.2,4.22,380.7,12.72,Good,Loamy,2,Low
Kogi,386.2,4.75,77.9,7.01,Poor,Loamy,3,High
Bayelsa,309.2,3.2,366.4,15.66,Poor,Clay,3,Medium
Benue,185.5,10.14,104.9,24.05,Poor,Clay,3,High
Lagos,238.0,7.66,42.9,20.87,Poor,Clay,0,Medium
Rivers,393.2,7.94,176.8,2.81,Poor,Clay,5,Medium
Jigawa,169.4,10.12,246.7,0.68,Fair,Clay,3,Medium
Niger,419.5,5.1,93.9,12.52,Poor,Sandy,4,Medium
Kwara,141.9,3.53,223.2,19.42,Poor,Sandy,3,Low
Kogi,349.8,3.58,323.5,7.92,Fair,Loamy,0,Low
Kogi,302.2,9.19,104.3,17.56,Good,Loamy,1,Low
Rivers,349.8,7.95,233.0,23.3,Fair,Sandy,3,Low
Jigawa,224.9,3.67,137.0,11.53,Good,Loamy,3,Low
Anambra,423.1,3.02,212.8,6.18,Poor,Loamy,1,Low
Kogi,303.0,2.77,267.4,22.95,Fair,Clay,5,Low
Anambra,165.3,8.09,141.5,11.86,Good,Loamy,5,Medium
Niger,305.4,1.5,397.8,10.26,Good,Loamy,4,Low
Rivers,164.7,1.69,226.4,8.9,Fair,Loamy,0,Low
Jigawa,167.5,5.59,330.1,10.63,Fair,Sandy,1,Low
Jigawa,209.8,8.76,290.6,16.87,Fair,Sandy,0,Low
Delta,391.0,8.8,341.4,10.9,Fair,Clay,5,Medium
Kwara,250.1,6.02,71.2,8.17,Fair,Loamy,1,Low
Lagos,321.6,8.76,90.6,18.62,Poor,Sandy,2,Medium
Lagos,206.8,6.97,196.0,5.15,Poor,Clay,4,Medium
Benue,155.4,11.76,341.2,5.13,Fair,Loamy,2,Low
Bayelsa,431.9,3.21,80.6,17.44,Fair,Clay,5,Medium
Rivers,291.4,7.81,388.5,21.68,Poor,Clay,1,Medium
Niger,423.6,6.66,52.8,6.11,Good,Loamy,5,Low
Jigawa,131.4,3.54,71.7,4.86,Poor,Sandy,1,Low
Kwara,108.8,9.37,68.6,16.79,Fair,Loamy,0,Low
Anambra,392.3,4.39,235.2,15.56,Good,Loamy,1,Low
Rivers,322.4,5.51,367.2,11.24,Fair,Loamy,5,Low
Benue,124.6,5.44,103.5,2.49,Good,Sandy,0,Low
Rivers,157.7,4.06,222.1,2.39,Fair,Loamy,0,Low
Benue,370.3,6.02,72.0,19.46,Poor,Sandy,1,Low
Jigawa,231.5,6.47,253.2,11.35,Fair,Clay,0,Low
Bayelsa,318.2,9.31,51.1,21.46,Poor,Sandy,5,High
Benue,177.3,9.53,197.5,14.41,Good,Clay,4,Medium
Jigawa,202.5,3.16,262.8,15.51,Poor,Clay,2,Low
Jigawa,446.3,7.72,232.5,23.36,Good,Loamy,1,Low
Bayelsa,149.0,10.91,57.7,4.2,Fair,Sandy,0,Low
Lagos,252.6,2.64,66.2,13.62,Poor,Clay,0,Medium
Rivers,387.8,6.47,269.2,1.55,Good,Clay,5,Medium
Kogi,145.7,9.38,323.9,9.04,Good,Sandy,0,Low
Kogi,216.1,7.92,363.4,3.79,Good,Sandy,0,Low
Anambra,296.0,2.56,325.8,4.78,Good,Clay,4,Low
Anambra,242.5,5.66,389.6,23.38,Fair,Clay,1,Low
Kogi,233.8,6.83,164.5,15.31,Fair,Sandy,1,Low
Niger,195.0,11.96,133.8,22.31,Fair,Sandy,5,High
Kogi,284.7,3.38,13.2,11.14,Good,Clay,4,High
Anambra,299.7,11.82,181.1,14.98,Fair,Loamy,4,Medium
Kwara,311.3,5.45,261.2,0.9,Good,Sandy,4,Low
Anambra,78.1,3.6,326.5,11.79,Good,Clay,1,Low
Niger,302.4,5.85,108.4,14.15,Good,Clay,3,Medium
Rivers,431.3,7.95,206.4,0.52,Poor,Loamy,5,High
Kogi,266.4,3.74,265.5,19.76,Fair,Sandy,5,Low
Bayelsa,336.1,4.56,221.5,7.46,Fair,Clay,2,Low
Kwara,272.7,10.47,111.1,11.37,Poor,Loamy,4,High
Jigawa,391.9,11.99,318.9,13.44,Poor,Sandy,4,Low
Niger,421.8,4.84,71.0,24.81,Poor,Loamy,1,Low
Anambra,123.7,3.06,362.2,2.57,Poor,Clay,5,Medium
Bayelsa,224.7,9.83,381.1,13.93,Good,Loamy,1,Low
Benue,207.0,7.8,147.5,13.31,Fair,Clay,2,High
Lagos,212.1,2.55,151.7,1.82,Fair,Clay,0,Low
Kogi,100.2,11.44,297.8,15.89,Fair,Loamy,1,Low
Lagos,375.4,2.32,183.6,7.24,Good,Loamy,2,Low
Niger,64.3,8.07,13.4,2.68,Fair,Clay,1,Medium
Benue,261.3,5.95,368.1,4.55,Poor,Loamy,1,Low
Benue,314.8,7.34,173.4,20.61,Fair,Sandy,1,Low
Benue,133.0,3.74,83.0,2.69,Fair,Sandy,3,Medium
Jigawa,412.3,8.73,223.2,11.73,Good,Loamy,3,Low
Niger,385.4,11.58,89.1,4.96,Poor,Loamy,4,High
Rivers,238.4,6.31,84.0,4.14,Poor,Sandy,3,Medium
Lagos,214.5,6.99,219.2,5.22,Poor,Clay,2,Medium
Rivers,144.6,4.02,157.6,12.37,Fair,Clay,1,Low
Bayelsa,342.0,10.86,230.1,6.02,Poor,Sandy,3,Low
Delta,102.7,11.7,398.7,2.51,Poor,Clay,5,High
Kwara,322.1,9.76,343.9,20.05,Fair,Loamy,1,Medium
Kwara,387.0,7.2,5.1,13.54,Good,Loamy,0,Medium
Rivers,141.4,11.55,22.1,4.01,Fair,Sandy,4,Medium
Delta,396.6,3.12,244.8,11.84,Good,Sandy,3,Low
Delta,63.3,6.52,251.2,1.8,Good,Sandy,5,Low
Kogi,415.1,7.14,351.5,14.55,Poor,Sandy,5,Low
Bayelsa,97.3,6.67,252.4,8.57,Poor,Clay,1,Low
Niger,308.3,9.93,92.6,2.68,Fair,Clay,0,Medium
Delta,150.0,8.54,188.5,4.67,Good,Clay,4,Low
Anambra,384.6,2.83,324.0,8.71,Fair,Loamy,4,Low
Kwara,254.9,5.14,369.3,20.18,Poor,Loamy,0,Low
Anambra,104.1,5.06,96.3,4.43,Good,Sandy,3,Low
Bayelsa,278.4,7.44,216.8,2.83,Poor,Sandy,3,Low
Delta,213.2,4.56,65.3,12.95,Poor,Clay,1,High
Lagos,314.6,2.73,199.8,14.01,Poor,Clay,2,Medium
Kwara,402.8,8.36,37.9,2.35,Good,Clay,1,Medium
Kogi,213.8,10.44,376.8,7.18,Good,Sandy,1,Low
Kogi,166.0,11.28,255.9,6.64,Poor,Clay,1,Medium
Benue,55.8,11.71,342.0,4.74,Good,Sandy,0,Low
Jigawa,279.9,9.7,399.3,7.96,Poor,Sandy,4,Medium
Delta,210.9,2.97,74.7,1.02,Poor,Loamy,4,High
Bayelsa,199.9,10.46,278.3,16.32,Poor,Loamy,2,Medium
Kwara,123.2,5.7,355.0,24.71,Good,Sandy,3,Low
Jigawa,222.0,9.16,231.2,15.89,Fair,Clay,1,Low
Bayelsa,443.8,7.08,256.6,9.09,Fair,Sandy,0,Low
Rivers,169.1,10.2,164.3,16.73,Good,Sandy,0,Low
Delta,289.9,5.97,270.6,14.33,Good,Sandy,1,Low
Niger,360.6,2.15,159.4,21.18,Poor,Sandy,0,Low
Niger,349.7,7.35,191.7,15.58,Poor,Loamy,0,Low
Delta,181.5,3.3,43.0,15.89,Fair,Loamy,1,Low
Benue,294.3,11.64,5.1,5.62,Poor,Sandy,2,High
Benue,398.5,7.03,24.0,10.45,Fair,Loamy,0,Low
Niger,56.2,7.31,78.6,8.68,Fair,Loamy,4,Medium
Lagos,224.3,11.03,183.7,0.38,Good,Clay,5,Medium
Kwara,139.7,8.06,10.4,7.9,Good,Loamy,4,Medium
Niger,205.5,4.68,64.1,12.2,Good,Loamy,5,Low
Lagos,216.4,4.61,313.0,15.04,Fair,Sandy,5,Low
Jigawa,348.7,6.77,305.3,23.37,Good,Loamy,4,Low
Lagos,87.5,10.6,316.3,6.05,Fair,Loamy,1,Low
Jigawa,255.0,9.84,368.8,3.9,Good,Loamy,5,Low
Bayelsa,275.7,11.61,49.4,21.75,Fair,Sandy,4,Medium
Anambra,247.7,2.25,66.9,23.55,Poor,Sandy,3,Medium
Bayelsa,342.7,4.32,134.8,12.25,Poor,Loamy,0,Medium
Niger,203.5,2.34,366.2,2.97,Fair,Sandy,2,Low
Jigawa,428.0,9.39,310.6,12.19,Fair,Sandy,5,Low
Niger,242.7,2.98,131.0,2.83,Poor,Clay,4,High
Delta,278.5,2.55,36.9,22.09,Fair,Loamy,1,Low
Kwara,380.2,7.4,247.3,17.73,Fair,Clay,5,Medium
Kogi,160.1,5.82,104.2,6.1,Poor,Loamy,2,Low
Niger,80.1,9.01,213.4,22.18,Fair,Loamy,1,Low
Kwara,333.1,6.61,376.8,15.98,Good,Clay,2,Low
Lagos,243.2,5.97,229.9,23.84,Poor,Clay,2,Medium
Bayelsa,408.6,5.97,369.7,24.51,Good,Loamy,0,Low
Lagos,443.1,10.65,158.4,0.18,Fair,Clay,5,High
Kogi,209.6,5.65,254.1,3.09,Fair,Clay,5,Low
Jigawa,216.2,5.0,357.8,13.72,Good,Sandy,5,Low
Delta,213.2,5.05,236.0,23.9,Fair,Loamy,2,Low
Kwara,179.8,3.56,246.7,24.86,Fair,Sandy,3,Low
Delta,362.7,10.54,287.1,14.23,Good,Loamy,3,Low
Anambra,353.6,3.04,353.1,4.43,Fair,Sandy,3,Low
Niger,241.5,11.04,37.1,4.16,Poor,Loamy,1,Medium
Jigawa,67.9,4.48,136.1,19.12,Good,Sandy,0,Low
Anambra,173.8,10.94,160.3,14.84,Good,Loamy,1,Low
Rivers,166.9,9.8,364.1,13.76,Good,Sandy,5,Low
Niger,374.4,7.61,382.5,11.7,Good,Clay,5,Medium
Lagos,85.0,8.53,49.9,18.16,Poor,Loamy,4,High
Bayelsa,372.3,4.92,49.4,21.47,Good,Clay,5,Medium
Kwara,317.7,7.53,374.1,7.64,Good,Sandy,3,Low
Kogi,343.0,4.57,119.7,5.6,Fair,Loamy,0,Low
Kogi,222.9,5.72,98.2,16.79,Good,Sandy,3,Low
Lagos,321.9,9.53,16.2,22.88,Fair,Sandy,0,Medium
Benue,293.6,4.06,111.7,8.77,Good,Clay,1,Low
Kogi,357.6,10.31,278.0,6.88,Good,Loamy,5,Medium
Kwara,228.7,5.45,171.6,5.73,Poor,Sandy,1,Low
Lagos,239.1,7.09,207.7,6.44,Fair,Clay,3,Low
Jigawa,307.4,11.39,367.1,3.46,Poor,Clay,2,Medium
Kogi,93.2,8.65,47.6,14.96,Fair,Clay,0,Low
Delta,224.5,8.28,30.4,7.09,Good,Clay,5,Medium
Lagos,438.8,8.97,341.1,15.41,Poor,Sandy,4,Low
Kwara,65.0,11.14,310.4,2.17,Fair,Sandy,2,Low
Delta,176.4,4.11,107.0,2.97,Fair,Sandy,1,Low
Niger,175.6,7.94,131.0,13.45,Poor,Loamy,0,Medium
Niger,303.4,5.7,125.5,12.84,Fair,Loamy,2,Low
Kogi,92.3,1.62,259.8,6.86,Good,Clay,4,Low
Delta,301.4,2.82,26.4,20.7,Fair,Sandy,2,Low
Bayelsa,88.0,4.91,196.8,4.76,Good,Clay,4,Low
Niger,88.0,7.43,55.3,9.08,Fair,Sandy,1,Low
Bayelsa,341.3,10.76,328.3,13.93,Poor,Loamy,0,Low
Jigawa,179.7,9.81,153.5,21.69,Good,Clay,1,Low
Lagos,441.0,7.31,212.0,10.52,Fair,Sandy,0,Low
Anambra,64.9,2.28,13.7,10.03,Good,Sandy,2,Low
Kwara,228.0,4.5,25.2,14.53,Poor,Sandy,1,Low
Lagos,95.3,5.35,270.7,7.99,Fair,Clay,0,Low
Kwara,190.6,8.03,307.2,17.76,Fair,Loamy,5,Medium
Delta,449.3,2.18,284.6,6.29,Good,Sandy,4,Low
Jigawa,405.5,7.07,295.3,20.6,Poor,Clay,0,Low
Rivers,69.3,10.97,43.6,6.88,Poor,Sandy,5,High
Kogi,275.3,8.91,278.0,24.82,Fair,Clay,1,Low
Kwara,309.1,9.87,74.3,7.98,Good,Loamy,1,Low
Kwara,133.8,8.66,41.0,21.98,Fair,Sandy,2,Medium
Delta,108.0,3.67,303.4,9.99,Fair,Clay,4,Medium
Bayelsa,411.8,2.66,356.0,6.23,Good,Sandy,0,Low
Lagos,437.5,10.21,287.3,5.73,Poor,Clay,1,Medium
Rivers,446.8,8.8,322.6,21.27,Fair,Loamy,0,Low
Benue,365.9,7.54,396.5,7.79,Fair,Loamy,3,Medium
Kogi,315.4,3.49,55.6,8.53,Good,Clay,4,Medium
Anambra,188.3,7.84,386.1,5.01,Good,Loamy,4,Low
Benue,118.6,1.83,241.3,24.04,Fair,Sandy,5,Medium
Lagos,81.6,2.75,325.7,6.19,Poor,Loamy,3,Low
Kogi,327.3,4.77,260.8,6.26,Good,Sandy,4,Low
Kwara,363.9,6.16,228.9,23.6,Fair,Loamy,3,Low
Anambra,380.6,2.77,282.0,22.53,Poor,Loamy,0,Low
Bayelsa,415.5,2.76,129.5,6.3,Good,Sandy,3,Low
Rivers,402.0,9.12,369.9,21.63,Good,Loamy,2,Low
Bayelsa,449.9,7.48,47.9,6.32,Fair,Sandy,5,Medium
Jigawa,147.6,7.1,128.6,2.2,Good,Sandy,3,Low
Delta,355.3,6.25,14.4,20.53,Fair,Loamy,0,Medium
Kogi,284.6,11.75,110.0,19.31,Good,Loamy,4,Medium
Bayelsa,154.5,2.02,88.8,7.44,Poor,Sandy,2,Low
Benue,442.8,3.4,21.8,2.34,Poor,Clay,3,Medium
Delta,409.2,8.3,197.7,5.24,Good,Loamy,5,Low
Bayelsa,101.4,2.93,188.5,19.3,Fair,Loamy,5,Low
Niger,60.5,7.69,32.9,24.12,Good,Clay,0,Medium
Jigawa,325.3,7.46,106.2,6.55,Fair,Clay,2,Low
Lagos,291.7,11.7,381.4,20.47,Good,Loamy,2,Low
Rivers,424.3,10.78,46.1,5.78,Poor,Loamy,2,Medium
Jigawa,143.6,11.43,123.4,17.02,Fair,Loamy,3,Medium
Delta,83.8,2.69,16.3,2.18,Poor,Clay,0,Medium
Niger,153.7,10.62,61.3,14.67,Poor,Loamy,0,Medium
Kogi,57.6,2.86,280.4,6.8,Poor,Clay,0,Low
Benue,64.4,8.15,148.0,23.15,Good,Clay,1,Low
Rivers,415.9,9.06,181.9,7.31,Fair,Sandy,4,Low
Rivers,190.8,3.19,64.5,10.02,Poor,Clay,0,Medium
Jigawa,214.3,8.14,273.5,21.03,Fair,Sandy,1,Low
Delta,57.3,2.05,301.1,11.01,Fair,Clay,1,Low
Kogi,158.2,4.58,74.1,6.04,Poor,Clay,2,Medium
Kwara,371.9,11.17,19.9,13.73,Good,Sandy,4,High
Niger,296.2,3.3,34.2,21.02,Poor,Sandy,2,Medium
Kwara,351.5,2.19,263.5,10.89,Poor,Sandy,4,Low
Benue,228.9,6.16,55.9,3.41,Fair,Sandy,2,Medium
Kogi,173.9,10.43,198.6,9.64,Good,Sandy,5,Low
Kogi,243.1,2.31,62.8,23.87,Fair,Sandy,3,Low
Niger,179.2,5.23,69.7,1.89,Good,Sandy,4,Low
Anambra,385.6,10.95,3.7,10.27,Poor,Clay,5,High
Kwara,169.1,2.74,129.7,16.24,Good,Clay,1,Medium
Bayelsa,313.9,4.76,37.7,2.06,Fair,Sandy,1,Low
Rivers,104.8,9.67,158.8,8.69,Poor,Loamy,4,Medium
Anambra,324.7,7.2,239.9,23.52,Good,Sandy,2,Low
Bayelsa,415.3,10.24,148.3,0.86,Good,Loamy,3,Medium
Delta,293.4,2.67,282.6,18.82,Fair,Clay,3,Low
Niger,273.9,11.17,297.1,21.05,Good,Clay,0,Low
Delta,434.4,11.32,279.2,7.0,Poor,Loamy,4,High
Rivers,301.0,3.13,374.8,5.45,Good,Clay,3,Low
Lagos,153.8,1.86,96.4,22.88,Fair,Sandy,2,Low
Bayelsa,167.0,11.89,77.4,19.12,Good,Loamy,2,Low
Anambra,332.1,6.56,244.7,2.92,Poor,Loamy,1,Low
Bayelsa,344.2,7.51,238.8,5.38,Poor,Clay,3,Medium
Bayelsa,171.4,7.97,205.0,15.57,Good,Loamy,3,Low
Niger,188.1,9.79,3.7,10.54,Good,Loamy,2,Low
Delta,446.4,10.03,223.0,12.65,Poor,Loamy,1,Medium
Kwara,90.8,3.54,373.3,23.79,Fair,Clay,3,Low
Lagos,211.9,3.98,135.2,10.56,Poor,Loamy,2,Medium
Niger,75.0,10.71,387.1,22.05,Good,Loamy,1,Low
Benue,378.4,10.1,144.0,16.55,Good,Sandy,1,Medium
Niger,86.9,7.99,57.7,3.13,Fair,Sandy,2,Medium
Rivers,319.6,11.94,160.6,18.64,Poor,Loamy,1,Low
Lagos,72.6,9.22,198.9,13.05,Poor,Clay,5,High
Kogi,319.1,3.77,252.5,5.7,Fair,Loamy,5,Low
Benue,387.2,10.39,202.9,7.31,Poor,Clay,1,Medium
Jigawa,209.5,5.85,215.6,13.98,Fair,Sandy,0,Low
Niger,258.9,1.88,11.6,15.08,Poor,Sandy,1,High
Bayelsa,210.6,4.87,102.9,24.21,Fair,Loamy,3,Medium
Kwara,170.2,9.52,125.7,21.38,Fair,Clay,1,Medium
Kogi,371.3,11.58,394.9,5.23,Fair,Clay,3,Medium
Niger,158.8,4.4,119.6,19.37,Good,Clay,2,Low
Niger,339.2,4.09,358.8,0.31,Good,Loamy,1,Low
Anambra,132.5,7.42,123.3,3.33,Good,Clay,2,Medium
Anambra,149.9,10.02,40.3,5.07,Poor,Sandy,4,High
Kogi,184.6,9.34,100.6,14.97,Fair,Clay,5,High
Delta,285.7,7.38,110.6,4.95,Poor,Clay,1,Medium
Anambra,231.8,8.13,391.3,9.2,Poor,Loamy,2,Medium
Bayelsa,348.1,4.04,270.4,6.15,Fair,Loamy,4,Low
Benue,135.4,6.04,372.8,8.5,Good,Loamy,3,Low
Jigawa,54.3,4.18,334.3,23.57,Poor,Loamy,3,Medium
Lagos,360.6,10.79,232.3,24.93,Poor,Loamy,5,High
Jigawa,378.7,2.68,270.8,17.17,Poor,Clay,5,Medium
Jigawa,73.8,8.64,250.7,14.35,Good,Clay,3,Low
Lagos,294.4,4.23,267.2,17.74,Fair,Loamy,3,Low
Anambra,201.3,6.49,107.4,19.31,Fair,Loamy,3,Medium
Kogi,367.6,4.64,164.4,18.5,Poor,Clay,0,Low
Lagos,399.8,4.89,237.9,2.14,Fair,Loamy,5,Low
Rivers,390.4,4.23,16.3,7.83,Good,Sandy,2,Medium
Delta,360.9,9.4,194.2,8.65,Fair,Clay,4,Medium
Benue,157.6,5.34,344.2,9.29,Poor,Sandy,4,Low
Kwara,374.8,9.13,198.0,8.67,Poor,Clay,1,Medium
Anambra,263.4,6.29,221.8,19.7,Fair,Clay,2,Low
Delta,71.1,7.25,82.4,18.72,Poor,Clay,5,High
Lagos,232.8,7.2,318.1,0.21,Good,Clay,0,Low
Rivers,426.9,11.75,144.8,7.48,Good,Clay,0,Low
Kwara,405.1,5.35,382.7,15.63,Good,Clay,2,Low
Benue,90.9,3.68,397.5,3.09,Good,Clay,3,Low
Benue,347.7,11.07,366.6,1.87,Poor,Loamy,3,Medium
Anambra,372.3,3.34,35.8,20.73,Poor,Loamy,2,Low
Lagos,158.6,10.26,134.6,11.37,Fair,Loamy,5,High
Delta,238.6,3.08,378.2,21.41,Poor,Sandy,4,Low
Kogi,334.4,8.42,322.2,20.61,Fair,Clay,3,Medium
Delta,225.6,3.08,364.7,22.34,Poor,Loamy,1,Low
Delta,95.1,11.19,229.9,1.3,Fair,Loamy,5,Medium
Benue,332.4,7.43,193.2,4.73,Fair,Loamy,5,Low
Kogi,414.7,4.96,44.4,7.47,Good,Clay,0,Low
Kogi,311.0,2.97,336.1,3.49,Fair,Clay,3,Low
Anambra,359.5,5.4,298.6,12.19,Fair,Sandy,4,Low
Kwara,193.3,8.9,25.4,19.99,Fair,Sandy,5,Medium
Niger,123.3,5.54,85.3,23.78,Fair,Clay,3,Medium
Jigawa,307.1,4.08,223.8,22.25,Fair,Sandy,3,Low
Jigawa,181.1,7.56,274.4,11.49,Good,Loamy,0,Low
Benue,394.0,5.89,56.8,15.95,Fair,Sandy,1,Low
Niger,99.1,3.24,99.4,5.84,Fair,Loamy,5,Medium
Kwara,223.4,3.12,78.9,10.13,Fair,Sandy,1,Low
Niger,208.7,8.93,89.6,21.79,Poor,Loamy,4,High
Anambra,425.2,11.73,368.4,0.83,Poor,Sandy,2,Low
Delta,111.3,3.95,286.9,13.37,Good,Sandy,2,Low
Benue,53.9,9.62,295.4,21.83,Fair,Clay,2,Medium
Kogi,145.2,2.42,318.0,3.14,Fair,Clay,4,Low
Benue,378.1,5.51,143.9,24.57,Poor,Loamy,5,High
Jigawa,133.7,6.82,307.3,0.41,Fair,Clay,3,Low
Kwara,146.4,4.32,391.4,22.16,Good,Loamy,1,Low
Niger,102.0,7.06,280.0,8.91,Fair,Clay,1,Low
Kwara,336.2,10.77,167.9,3.4,Good,Clay,3,Low
Anambra,77.7,11.42,287.1,4.02,Poor,Loamy,5,Medium
Benue,182.5,2.56,360.5,17.56,Good,Sandy,1,Low
Lagos,163.0,4.35,53.2,21.78,Good,Loamy,5,Low
Benue,272.1,11.78,107.6,16.06,Good,Loamy,1,Medium
Kogi,342.2,4.34,367.9,23.23,Good,Loamy,2,Low
Benue,263.2,8.77,378.6,21.08,Good,Clay,2,Low
Rivers,422.4,4.16,194.7,0.32,Good,Clay,0,Low
Anambra,430.6,5.24,151.1,16.77,Good,Clay,0,Low
Bayelsa,194.6,3.51,114.5,7.69,Good,Loamy,1,Low
Anambra,361.1,10.49,200.5,11.42,Good,Sandy,2,Low
Niger,345.5,10.77,373.9,2.44,Poor,Sandy,5,Medium
Bayelsa,407.2,4.62,61.6,7.12,Good,Loamy,0,Low
Niger,229.2,10.15,169.1,15.85,Good,Loamy,0,Low
Niger,262.2,5.26,364.8,5.54,Fair,Sandy,2,Low
Kogi,216.3,2.54,140.9,16.22,Fair,Clay,5,High
Kogi,390.2,9.46,307.7,23.08,Fair,Loamy,0,Low
Delta,141.9,7.76,156.9,0.22,Good,Sandy,3,Low
Jigawa,145.9,4.38,322.4,19.67,Poor,Sandy,5,Low
Delta,199.0,4.16,392.4,16.07,Poor,Sandy,3,Low
Delta,142.1,11.74,156.4,1.26,Fair,Clay,2,Medium
Jigawa,274.4,10.56,338.3,19.78,Fair,Sandy,2,Low
Lagos,103.8,10.0,395.4,5.69,Good,Sandy,0,Low
Bayelsa,178.1,2.84,393.6,6.72,Poor,Sandy,1,Low
Kwara,415.4,9.43,174.6,2.43,Poor,Loamy,4,Medium
Delta,213.7,3.75,195.3,13.41,Fair,Loamy,3,Low
Benue,349.3,11.76,122.8,12.51,Poor,Loamy,3,High
Benue,95.4,2.05,127.0,8.74,Fair,Sandy,5,Medium
Niger,149.0,5.2,198.0,4.3,Fair,Sandy,5,Low
Jigawa,372.9,6.0,81.8,20.97,Good,Clay,2,Low
Niger,355.2,10.15,285.0,21.92,Fair,Sandy,1,Low
Rivers,204.5,9.55,215.5,13.56,Good,Clay,2,Low
Rivers,431.8,5.44,359.4,6.18,Poor,Sandy,0,Low
Kwara,414.3,7.44,324.6,2.49,Poor,Clay,1,Low
Kogi,434.9,10.27,130.3,21.73,Fair,Loamy,0,Medium
Kogi,221.2,1.69,203.3,2.49,Fair,Sandy,3,Low
Jigawa,129.0,9.92,300.7,0.43,Good,Clay,2,Medium
Jigawa,300.7,11.44,78.9,11.79,Good,Loamy,5,Medium
Delta,323.9,1.84,14.6,18.31,Poor,Loamy,2,High
Rivers,100.2,1.98,341.2,11.49,Poor,Sandy,4,Low
Delta,364.6,5.12,56.7,1.38,Fair,Clay,1,Medium
Kogi,57.2,2.42,356.0,17.28,Fair,Clay,3,Low
Bayelsa,243.1,6.53,365.6,16.09,Good,Clay,4,Low
Bayelsa,182.4,9.15,185.4,17.07,Fair,Loamy,4,Medium
Jigawa,346.1,7.45,323.1,5.36,Good,Clay,2,Low
Niger,175.1,3.56,146.6,19.91,Poor,Loamy,1,Medium
Kogi,380.7,8.38,343.6,12.03,Poor,Clay,2,Medium
Bayelsa,288.0,8.69,330.2,13.46,Fair,Loamy,1,Low
Kogi,367.6,11.29,33.3,13.69,Good,Sandy,4,Medium
Anambra,445.7,3.04,233.9,7.24,Fair,Loamy,0,Low
Benue,321.7,8.77,256.7,6.33,Fair,Clay,3,Medium
Rivers,444.0,11.07,2.3,0.22,Good,Loamy,4,High
Delta,61.5,6.77,392.0,9.98,Fair,Clay,2,Low
Kogi,185.3,5.3,163.8,12.18,Good,Sandy,3,Low
Benue,93.1,3.29,207.9,18.6,Good,Loamy,4,Low
Anambra,154.9,10.6,79.5,1.76,Fair,Sandy,1,Medium
Delta,385.6,5.64,245.1,23.11,Good,Loamy,2,Low
Kogi,62.9,11.21,324.6,6.67,Poor,Loamy,4,Medium
Jigawa,258.1,10.4,235.2,9.23,Poor,Sandy,1,Low
Benue,276.9,5.45,315.6,1.3,Poor,Sandy,1,Low
Delta,274.5,7.53,293.0,16.36,Poor,Loamy,1,Medium
Kogi,240.1,1.79,96.6,17.75,Fair,Loamy,3,Low
Benue,366.2,4.26,175.5,23.23,Poor,Loamy,2,Low
Anambra,103.4,8.96,61.2,8.49,Poor,Sandy,1,High
Kogi,174.2,8.62,18.7,6.51,Poor,Clay,4,High
Kogi,296.3,5.21,27.1,18.18,Poor,Sandy,1,Low
Kogi,326.4,9.99,377.1,17.7,Fair,Loamy,2,Low
Kwara,211.7,3.98,393.8,23.43,Poor,Loamy,5,Medium
Jigawa,400.1,6.34,39.8,5.21,Good,Sandy,5,Low
Anambra,216.2,6.46,135.4,17.66,Good,Loamy,3,Low
Delta,211.1,5.08,47.5,1.77,Fair,Loamy,1,Low
Kwara,64.5,11.52,334.0,12.06,Fair,Loamy,4,Medium
Niger,270.5,8.82,199.5,3.07,Fair,Loamy,2,Medium
Kwara,333.5,7.16,249.3,16.36,Poor,Loamy,1,Low
Rivers,95.8,6.86,216.9,15.08,Fair,Clay,3,Low
Rivers,172.2,3.17,284.7,1.32,Poor,Sandy,0,Low
Kogi,362.5,5.41,129.0,8.06,Fair,Sandy,5,Medium
Kwara,196.4,8.56,56.7,9.94,Good,Sandy,4,Medium
Niger,146.6,11.21,9.0,6.28,Good,Clay,5,High
Kwara,318.9,10.07,179.4,1.06,Poor,Clay,1,High
Jigawa,128.7,4.65,363.3,8.04,Fair,Sandy,1,Low
Jigawa,408.3,6.06,123.5,19.84,Good,Sandy,0,Low
Niger,92.2,2.37,80.0,9.07,Poor,Sandy,2,Medium
Kwara,332.6,2.57,370.6,8.15,Good,Loamy,0,Low
Benue,249.8,6.44,44.0,23.55,Fair,Clay,2,Medium
Jigawa,398.0,7.07,22.6,1.14,Poor,Clay,1,Medium
Jigawa,100.5,4.27,352.0,19.21,Good,Loamy,0,Low
Bayelsa,321.2,8.25,281.0,12.13,Fair,Clay,5,Medium
Kwara,278.8,8.89,170.0,23.62,Poor,Sandy,5,Medium
Jigawa,242.0,4.64,301.4,9.9,Good,Clay,1,Low
Anambra,246.6,9.46,297.1,17.73,Good,Loamy,0,Low
Kwara,338.8,3.66,17.9,1.84,Poor,Sandy,1,High
Rivers,425.1,7.21,271.1,23.23,Fair,Clay,5,Low
Bayelsa,86.5,9.94,257.1,8.68,Poor,Sandy,5,Medium
Jigawa,57.8,7.14,385.6,13.15,Good,Clay,1,Low
Bayelsa,372.3,11.03,386.7,3.55,Good,Sandy,1,Low
Rivers,93.3,2.11,152.4,23.64,Good,Loamy,3,Low
Niger,444.7,7.68,236.8,16.86,Fair,Loamy,0,Low
Niger,297.7,7.4,58.3,1.44,Good,Clay,3,Medium
Kwara,310.3,8.43,28.4,3.96,Good,Clay,1,Medium
Rivers,129.6,10.25,174.2,10.06,Poor,Sandy,4,Low
Lagos,146.1,9.12,276.6,5.5,Good,Loamy,5,Low
Lagos,313.7,9.8,228.0,7.69,Poor,Sandy,2,Medium
Kwara,413.9,4.53,173.0,24.94,Good,Loamy,0,Low
Kogi,443.0,5.57,327.6,16.5,Poor,Sandy,0,Low
Bayelsa,129.2,8.08,318.2,23.06,Poor,Sandy,5,Medium
Bayelsa,103.6,7.31,293.3,10.95,Poor,Sandy,2,Low
Niger,72.6,11.59,32.7,17.79,Poor,Clay,3,High
Lagos,397.3,3.46,319.0,11.55,Fair,Loamy,2,Low
Delta,167.9,5.19,367.9,8.27,Good,Clay,4,Low
Jigawa,50.7,7.51,25.7,13.03,Fair,Clay,1,Medium
Jigawa,139.5,10.61,161.9,10.74,Good,Sandy,2,Low
Jigawa,186.2,11.26,395.4,24.52,Poor,Loamy,2,Medium
Niger,446.4,5.03,240.5,12.45,Good,Clay,1,Low
Rivers,259.4,2.2,206.4,20.3,Poor,Sandy,5,Medium
Benue,131.9,5.93,72.6,16.7,Good,Loamy,0,Low
Lagos,183.9,5.64,227.1,12.04,Poor,Loamy,5,Low
Lagos,182.1,11.86,176.7,11.91,Good,Clay,4,Medium
Delta,57.9,6.03,52.7,8.61,Good,Sandy,5,Medium
Bayelsa,104.1,4.71,186.8,2.76,Good,Clay,2,Low
Kogi,328.1,5.34,67.4,19.06,Poor,Loamy,2,Medium
Kwara,98.1,5.67,292.8,22.96,Good,Clay,0,Low
Bayelsa,142.3,10.13,389.5,5.53,Poor,Sandy,4,High
Rivers,190.3,2.35,188.9,23.15,Fair,Loamy,1,Low
Kwara,353.1,4.82,253.7,5.88,Good,Sandy,1,Low
Lagos,283.0,11.65,173.5,13.3,Poor,Sandy,3,Medium
Rivers,325.6,3.11,57.1,8.66,Poor,Loamy,4,Medium
Kwara,276.8,9.3,388.3,2.95,Poor,Sandy,4,Medium
Delta,323.4,5.24,53.6,1.42,Fair,Sandy,2,Medium
Delta,51.1,7.61,46.4,9.2,Poor,Sandy,3,Medium
Anambra,422.4,2.55,184.8,1.28,Fair,Loamy,1,Low
Benue,94.4,4.72,264.2,2.69,Fair,Sandy,4,Low
Delta,212.5,6.76,143.3,3.64,Poor,Clay,4,High
Lagos,358.4,3.93,78.6,0.15,Good,Clay,0,Low
Kogi,224.1,7.19,327.9,3.92,Fair,Sandy,1,Low
Jigawa,428.7,3.81,146.5,14.47,Poor,Clay,0,Medium
Anambra,237.0,8.33,79.3,20.51,Fair,Clay,3,High
Jigawa,400.0,11.0,147.3,4.92,Poor,Loamy,4,High
Benue,374.3,2.4,87.4,2.11,Poor,Sandy,3,Low
Kwara,442.4,3.77,208.7,18.26,Fair,Loamy,5,Low
Niger,420.6,10.37,268.0,0.3,Poor,Sandy,0,Low
Delta,409.2,8.13,320.2,18.38,Fair,Clay,1,Low
Kogi,342.6,2.33,92.6,3.36,Poor,Loamy,4,Medium
Benue,196.8,6.61,68.4,5.78,Good,Loamy,5,Low
Jigawa,92.5,3.7,9.8,3.09,Good,Clay,5,Medium
Anambra,325.5,3.59,92.8,6.26,Fair,Clay,1,Low
Delta,441.5,11.38,11.5,19.97,Fair,Sandy,3,High
Lagos,340.6,9.5,139.5,3.4,Fair,Sandy,5,Medium
Delta,421.5,8.81,60.0,24.85,Fair,Clay,2,Medium
Anambra,371.7,4.01,232.8,8.24,Good,Clay,1,Low
Anambra,115.2,2.75,154.7,23.06,Fair,Loamy,5,Low
Niger,149.7,10.64,39.2,4.83,Poor,Loamy,1,High
Delta,186.7,1.56,161.1,4.78,Poor,Sandy,1,Low
Delta,117.3,5.58,85.3,14.18,Fair,Loamy,4,Medium
Niger,282.7,4.41,272.7,1.36,Poor,Clay,3,High
Rivers,440.2,7.49,147.0,20.04,Fair,Clay,3,Low
Rivers,354.6,4.13,60.5,11.05,Poor,Clay,4,High
Kwara,219.4,4.77,141.1,17.51,Poor,Clay,1,Medium
Rivers,51.8,10.43,91.3,4.45,Fair,Sandy,1,Low
Bayelsa,175.3,7.83,318.7,16.09,Fair,Clay,2,Medium
Delta,260.7,3.03,393.4,14.89,Good,Clay,5,Low
Kogi,179.7,9.13,12.1,18.92,Fair,Clay,1,Medium
Delta,94.4,3.68,276.6,7.51,Good,Clay,5,Low
Bayelsa,227.1,6.05,107.1,23.34,Fair,Sandy,0,Low
Bayelsa,151.3,8.29,28.4,24.04,Poor,Sandy,5,Medium
Jigawa,413.7,4.36,7.7,21.72,Good,Loamy,1,Medium
Delta,90.7,5.53,352.6,14.34,Poor,Sandy,2,Low
Benue,69.7,9.21,142.7,10.57,Fair,Sandy,0,Low
Bayelsa,52.1,11.35,397.8,1.54,Fair,Sandy,2,Low
Kogi,181.2,7.06,178.1,23.69,Fair,Loamy,5,Low
Niger,314.2,1.6,76.7,23.8,Fair,Clay,2,Medium
Kwara,342.2,5.05,311.3,0.57,Good,Loamy,5,Low
Jigawa,231.3,5.69,370.7,8.99,Good,Clay,3,Low
Niger,323.7,5.06,326.6,22.01,Fair,Sandy,5,Low
Jigawa,194.0,6.08,298.6,2.11,Poor,Clay,4,Medium
Kogi,317.1,8.14,135.2,4.99,Good,Loamy,2,Medium
Anambra,66.2,2.77,27.7,24.47,Poor,Clay,1,Medium
Delta,206.3,4.36,82.1,21.2,Fair,Clay,3,Low
Lagos,366.3,6.83,179.8,22.81,Good,Sandy,0,Low
Benue,371.2,4.81,382.6,3.64,Good,Clay,5,Low
Niger,336.5,11.91,289.7,5.36,Good,Clay,4,Medium
Delta,131.7,6.03,331.7,15.17,Poor,Sandy,3,Low
Benue,148.9,10.63,112.4,12.59,Fair,Loamy,2,Medium
Anambra,448.4,10.91,274.2,7.53,Fair,Sandy,3,Low
Lagos,91.4,10.28,345.3,22.11,Good,Clay,1,Low
Benue,122.3,1.99,192.8,22.54,Good,Sandy,1,Low
Benue,102.0,11.45,173.1,7.36,Fair,Sandy,1,Low
Niger,181.1,2.85,288.3,3.98,Poor,Clay,4,Low
Rivers,134.1,1.86,224.8,3.81,Good,Loamy,3,Low
Lagos,249.1,5.85,397.3,12.16,Poor,Sandy,3,Low
Delta,240.4,3.54,171.2,3.41,Poor,Loamy,2,Low
Anambra,410.6,3.43,72.0,11.89,Fair,Sandy,0,Low
Lagos,63.9,4.52,189.8,11.6,Fair,Clay,1,Low
Kogi,178.0,4.11,95.6,22.11,Poor,Clay,0,Medium
Rivers,288.7,8.69,225.4,7.48,Poor,Sandy,0,Low
Kogi,291.9,3.46,52.1,14.06,Fair,Sandy,1,Low
Anambra,242.1,7.2,380.1,18.61,Good,Sandy,1,Low
Niger,376.3,11.86,344.2,14.94,Poor,Clay,2,Medium
Niger,75.1,6.04,63.9,23.86,Good,Sandy,4,Low
Anambra,376.2,8.24,70.6,15.1,Poor,Clay,1,High
Jigawa,247.9,11.68,206.0,22.56,Fair,Sandy,0,Low
Anambra,103.5,2.95,309.6,6.2,Good,Clay,2,Low
Rivers,404.3,5.9,89.2,14.06,Fair,Sandy,3,Low
Bayelsa,309.7,10.43,26.3,13.63,Poor,Loamy,2,Medium
Niger,115.4,11.29,219.1,24.74,Fair,Loamy,1,Low
Kwara,63.5,7.81,277.3,5.19,Good,Clay,5,Medium
Rivers,106.4,3.01,99.3,3.61,Fair,Sandy,1,Low
Rivers,293.5,10.97,296.4,15.33,Good,Loamy,4,Low
Rivers,121.7,3.33,380.4,5.67,Fair,Sandy,2,Low
Benue,140.3,5.21,56.6,16.01,Fair,Sandy,1,Low
Rivers,60.1,5.44,205.4,24.31,Good,Sandy,0,Low
Niger,339.2,6.2,24.6,23.67,Good,Loamy,0,Low
Bayelsa,374.1,9.8,84.3,5.85,Good,Clay,2,Medium
Bayelsa,368.7,9.92,37.7,4.36,Poor,Loamy,4,High
Rivers,101.0,9.06,162.8,14.06,Fair,Clay,5,Medium
Kogi,411.3,1.73,328.7,14.71,Good,Loamy,2,Low
Niger,318.9,7.43,231.7,16.59,Poor,Sandy,4,Low
Niger,409.0,9.35,90.6,18.56,Poor,Sandy,0,Low
Lagos,228.9,6.17,18.0,15.06,Good,Sandy,1,Low
Delta,224.8,11.42,222.3,2.88,Good,Loamy,3,Low
Jigawa,363.8,10.15,54.9,19.77,Good,Loamy,1,Low
Jigawa,87.3,8.2,138.4,2.08,Poor,Clay,0,Medium
Kogi,258.3,2.16,205.1,0.6,Poor,Loamy,5,Medium
Jigawa,384.6,8.35,361.7,19.26,Fair,Clay,0,Low
Lagos,382.1,11.07,34.6,13.75,Poor,Loamy,1,Medium
Anambra,432.5,5.48,268.1,17.49,Good,Sandy,1,Low
Jigawa,329.3,10.3,7.6,9.63,Fair,Loamy,5,High
Niger,133.1,4.79,252.7,0.38,Fair,Sandy,5,Low
Anambra,58.1,7.49,221.5,8.34,Fair,Loamy,0,Low
Jigawa,241.8,8.31,325.1,15.24,Fair,Clay,1,Medium
Niger,255.5,8.62,213.6,5.72,Good,Loamy,3,Low
Niger,146.1,10.77,142.3,17.23,Fair,Sandy,3,Medium
Rivers,99.9,3.96,98.6,19.88,Good,Loamy,2,Low
Bayelsa,284.5,4.25,35.9,11.41,Poor,Clay,3,High
Kogi,355.7,8.89,214.8,21.91,Good,Clay,0,Low
Lagos,447.3,3.36,355.6,21.38,Fair,Clay,0,Low
Benue,353.3,6.37,206.9,21.96,Poor,Clay,2,Low
Delta,367.5,1.71,296.2,16.56,Poor,Loamy,4,Low
Jigawa,296.6,2.98,120.8,7.69,Poor,Clay,2,High
Jigawa,444.4,8.63,180.4,12.08,Fair,Loamy,4,Low
Anambra,306.0,9.35,131.2,17.79,Good,Loamy,4,Medium
Anambra,394.1,2.71,45.5,5.34,Good,Loamy,1,Low
Delta,428.3,3.89,168.0,18.5,Fair,Clay,5,Low
Jigawa,421.9,2.54,306.2,13.75,Fair,Clay,3,Low
Kwara,202.6,6.05,159.2,2.49,Poor,Loamy,4,Low
Lagos,81.5,2.82,260.8,13.98,Good,Loamy,1,Low
Jigawa,118.7,6.09,303.9,1.76,Fair,Loamy,2,Low
Bayelsa,73.7,9.19,130.4,0.46,Fair,Sandy,2,High
Delta,92.2,8.68,319.4,22.25,Good,Sandy,4,Low
Kwara,123.9,4.44,136.9,12.3,Poor,Clay,1,Medium
Lagos,186.4,8.57,103.9,13.63,Poor,Sandy,0,Medium
Jigawa,267.4,11.24,90.5,7.07,Poor,Loamy,5,High
Benue,334.7,5.15,81.6,13.61,Good,Loamy,5,Medium
Rivers,134.4,4.96,295.4,4.3,Fair,Clay,3,Low
Bayelsa,319.0,7.5,355.2,18.67,Fair,Clay,4,Low
Benue,331.7,4.08,93.8,20.6,Fair,Sandy,0,Low
Anambra,273.4,8.34,35.9,21.41,Fair,Loamy,3,Medium
Anambra,411.4,10.24,126.9,2.76,Good,Clay,0,Medium
Jigawa,94.4,6.32,263.8,13.99,Poor,Clay,5,Low
Anambra,120.8,8.63,148.7,20.24,Poor,Sandy,1,Medium
Bayelsa,221.5,8.34,220.6,3.29,Poor,Clay,4,High
Lagos,100.7,1.91,298.2,2.58,Poor,Sandy,0,Low
Niger,276.5,3.43,164.6,20.44,Fair,Loamy,0,Low
Kogi,209.4,10.88,399.9,19.94,Fair,Sandy,0,Low
Delta,163.8,11.36,120.6,11.27,Good,Clay,5,High
Lagos,118.0,9.69,391.3,2.83,Poor,Sandy,4,Medium
Niger,184.1,11.17,82.8,12.95,Fair,Sandy,1,Medium
Kwara,293.2,4.71,46.2,9.93,Fair,Loamy,1,Low
Bayelsa,280.3,4.1,300.8,13.01,Fair,Sandy,0,Low
Benue,115.4,5.54,281.5,11.05,Poor,Clay,1,Low
Niger,100.0,2.08,324.8,14.26,Fair,Clay,3,Low
Bayelsa,60.7,10.0,138.7,18.21,Poor,Loamy,1,High
Rivers,55.0,11.83,372.5,19.39,Poor,Loamy,0,Low
Benue,401.9,10.15,49.6,16.26,Good,Loamy,3,Medium
Anambra,68.0,7.33,14.1,5.05,Good,Clay,4,Medium
Anambra,342.5,4.6,121.6,9.99,Poor,Sandy,2,Medium
Benue,398.8,3.58,319.3,1.87,Poor,Clay,5,High
Kwara,89.2,5.32,269.8,11.35,Poor,Clay,1,Low
Kwara,224.5,8.5,175.6,24.26,Fair,Loamy,3,Low
Kwara,434.9,6.19,104.0,16.08,Fair,Loamy,2,Low
Niger,383.7,11.31,25.6,3.95,Fair,Sandy,4,Medium
Delta,245.9,10.47,136.3,6.79,Good,Sandy,2,Low
Niger,355.0,2.58,185.1,1.71,Poor,Sandy,4,Medium
Jigawa,383.4,2.88,275.4,4.64,Fair,Sandy,0,Low
Kogi,189.2,8.6,259.1,12.25,Fair,Clay,0,Low
Benue,406.9,3.92,379.0,8.69,Good,Sandy,5,Low
Lagos,238.2,9.81,42.0,5.18,Good,Clay,5,High
Kogi,261.1,7.71,135.9,3.75,Poor,Clay,4,High
Rivers,449.9,3.91,193.7,16.44,Poor,Sandy,2,Low
Niger,387.3,6.53,268.9,14.0,Fair,Sandy,5,Low
Niger,194.7,5.76,199.2,21.08,Fair,Clay,1,Low
Bayelsa,54.1,10.67,365.3,4.66,Fair,Loamy,2,Medium
Kogi,300.5,1.84,244.3,21.21,Fair,Sandy,5,Low
Bayelsa,331.6,10.91,17.8,14.49,Fair,Loamy,2,High
Lagos,310.3,8.35,47.2,6.73,Good,Clay,1,Low
Bayelsa,437.1,9.24,301.9,6.91,Poor,Loamy,2,Medium
Kogi,395.2,1.53,286.9,9.82,Good,Clay,2,Low
Benue,229.5,8.1,63.1,11.56,Poor,Loamy,3,High
Rivers,75.1,7.68,25.4,2.15,Poor,Loamy,4,High
Niger,240.4,7.14,232.3,21.07,Poor,Loamy,0,Low
Lagos,325.7,9.75,255.0,3.13,Good,Clay,5,Low
Niger,293.1,7.34,55.8,12.14,Fair,Clay,5,High
Jigawa,265.3,10.5,190.5,9.64,Poor,Clay,5,High
Rivers,237.5,3.94,123.7,12.86,Poor,Sandy,4,Medium
Delta,167.5,9.96,372.7,22.2,Good,Clay,2,Low
Bayelsa,160.9,3.38,89.2,24.73,Good,Sandy,1,Low
Anambra,250.1,10.04,293.8,0.6,Fair,Clay,1,Medium
Kogi,114.2,11.37,208.2,9.89,Fair,Sandy,0,Low
Niger,186.3,5.02,6.6,20.46,Poor,Loamy,0,Low
Bayelsa,179.6,7.06,207.8,8.23,Good,Loamy,0,Low
Lagos,284.9,8.41,41.6,16.26,Fair,Clay,1,Medium
Niger,76.7,2.33,264.3,24.81,Fair,Sandy,2,Low
Delta,381.9,6.69,227.1,16.2,Fair,Loamy,0,Low
Rivers,275.0,5.29,6.2,2.87,Good,Loamy,0,Medium
Rivers,318.3,10.66,83.5,21.09,Good,Sandy,1,Low
Niger,331.2,10.71,310.9,24.17,Good,Clay,5,Medium
Lagos,166.6,8.86,111.8,17.84,Good,Loamy,2,Medium
Rivers,238.1,8.39,200.7,10.53,Good,Clay,0,Low
Rivers,432.5,9.2,126.2,23.72,Poor,Clay,2,High
Delta,356.7,5.34,368.8,24.22,Poor,Sandy,3,Low
Kogi,437.8,5.75,215.6,23.38,Good,Sandy,5,Low
Lagos,348.5,7.31,279.1,10.35,Poor,Loamy,5,Medium
Lagos,120.2,11.35,35.2,19.76,Good,Sandy,0,Low
Benue,75.8,9.1,18.1,16.39,Poor,Loamy,0,Medium
Benue,281.1,7.29,105.2,4.57,Poor,Loamy,1,Low
Rivers,193.1,9.59,125.0,13.43,Fair,Loamy,5,High
Anambra,160.2,5.39,275.7,18.72,Good,Clay,3,Low
Benue,372.9,9.17,228.5,22.41,Poor,Clay,3,Medium
Rivers,196.8,5.81,151.1,21.58,Poor,Sandy,3,Low
Kwara,176.8,4.44,262.3,3.95,Fair,Sandy,4,Low
Jigawa,390.0,7.9,67.1,12.25,Poor,Loamy,1,Medium
Jigawa,388.5,8.71,27.3,12.01,Fair,Loamy,1,Medium
Lagos,192.5,6.32,342.1,22.48,Poor,Clay,0,Low
Anambra,383.0,7.44,226.5,0.15,Fair,Clay,1,Low
Delta,390.3,8.79,260.3,18.49,Fair,Loamy,0,Low
Kogi,219.6,9.56,124.3,15.5,Good,Loamy,0,Low
Benue,76.6,10.9,150.0,23.05,Good,Sandy,4,Medium
Kwara,50.6,5.22,34.8,11.48,Poor,Loamy,1,Low
Rivers,259.3,11.49,343.1,16.48,Good,Loamy,1,Low
Anambra,187.6,8.19,237.8,24.32,Good,Loamy,4,Low
Lagos,448.9,9.77,35.3,18.62,Good,Clay,4,Medium
Benue,359.0,8.85,322.2,1.78,Poor,Clay,1,High
Anambra,354.5,3.66,178.8,4.27,Poor,Sandy,1,Low
Benue,432.1,2.25,306.5,20.55,Good,Sandy,0,Low
Kogi,405.1,9.13,7.0,8.44,Good,Sandy,2,Medium
Kogi,177.3,6.87,13.4,17.68,Poor,Loamy,5,High
Delta,116.4,8.87,70.0,17.53,Good,Loamy,0,Medium
Jigawa,348.4,6.51,85.9,24.84,Fair,Clay,3,Medium
Bayelsa,201.3,4.78,306.1,11.8,Poor,Loamy,3,Low
Bayelsa,239.3,4.49,283.3,18.47,Poor,Loamy,2,Low
Benue,302.2,9.17,247.2,1.31,Fair,Clay,5,High
Delta,413.1,4.41,354.2,11.62,Good,Sandy,4,Low
Bayelsa,217.6,9.0,100.4,4.75,Fair,Loamy,3,High
Lagos,363.3,5.53,362.0,21.03,Good,Clay,4,Low
Bayelsa,157.3,9.59,364.0,21.01,Good,Clay,4,Medium
Niger,329.2,3.0,174.8,5.99,Poor,Sandy,0,Low
Rivers,50.6,3.65,39.6,8.03,Poor,Clay,4,Medium
Delta,398.6,8.7,291.2,17.59,Good,Sandy,2,Low
Lagos,62.2,7.38,136.1,18.48,Fair,Sandy,0,Low
Anambra,335.1,3.64,318.4,16.48,Poor,Sandy,2,Low
Lagos,68.5,10.98,67.1,24.92,Good,Sandy,4,Low
Jigawa,156.5,4.4,216.7,21.73,Poor,Sandy,3,Low
Anambra,248.9,5.92,204.2,10.48,Poor,Clay,5,Low
Kwara,218.0,3.62,41.9,8.24,Poor,Loamy,4,Medium
Rivers,126.7,5.57,146.6,14.96,Fair,Sandy,2,Low
Rivers,183.5,6.66,35.7,20.46,Fair,Sandy,1,Low
Rivers,341.1,4.6,187.0,11.94,Good,Loamy,1,Low
Rivers,317.7,9.58,337.5,18.47,Fair,Loamy,3,Low
Benue,78.7,5.64,109.5,0.58,Good,Sandy,5,Medium
Rivers,348.9,9.16,306.4,23.15,Good,Loamy,2,Low
Rivers,71.2,3.67,75.0,19.37,Poor,Sandy,3,Medium
Rivers,267.2,5.46,270.1,9.92,Poor,Clay,0,Medium
Delta,154.0,1.58,366.4,9.66,Fair,Loamy,4,Low
Benue,285.1,9.47,130.9,2.66,Good,Loamy,0,Low
Kogi,154.5,8.07,360.4,20.42,Good,Clay,1,Low
Lagos,444.0,10.09,203.2,19.24,Poor,Loamy,4,Medium
Lagos,173.9,6.28,128.1,15.79,Poor,Clay,0,Medium
Anambra,146.8,9.9,358.8,2.63,Poor,Sandy,1,Low
Delta,161.4,8.3,14.8,6.63,Fair,Loamy,5,High
Niger,408.6,1.54,13.2,11.53,Good,Loamy,0,Medium
Lagos,304.5,4.16,240.7,6.72,Good,Clay,4,Low
Bayelsa,342.3,6.69,319.1,10.91,Good,Sandy,0,Low
Niger,417.2,8.0,301.1,5.73,Poor,Sandy,4,Medium
Rivers,414.7,2.19,33.6,8.81,Fair,Clay,0,Low
Rivers,345.6,8.9,380.2,16.34,Fair,Loamy,3,Medium
Benue,129.1,7.21,281.8,22.32,Poor,Loamy,5,Medium
Niger,387.3,7.02,379.7,9.69,Fair,Clay,0,Low
Bayelsa,131.5,4.57,133.0,17.33,Fair,Clay,0,Low
Benue,347.2,7.75,278.2,3.46,Good,Clay,3,Low
Anambra,324.2,1.79,344.3,13.57,Poor,Loamy,1,Low
Niger,353.6,2.18,153.4,23.05,Poor,Clay,4,Medium
Delta,263.1,9.21,386.0,0.8,Poor,Sandy,2,Medium
Rivers,305.5,4.88,107.5,6.76,Poor,Clay,1,Medium
Rivers,431.3,5.14,127.6,3.4,Good,Sandy,4,Low
Jigawa,90.4,3.69,368.3,13.37,Fair,Sandy,0,Low
Benue,173.5,6.18,387.9,17.02,Fair,Clay,1,Low
Kogi,294.5,2.05,115.5,1.54,Good,Sandy,0,Low
Kogi,435.6,4.65,56.3,1.85,Fair,Loamy,1,Medium
Benue,88.2,7.03,304.1,21.75,Poor,Clay,1,Low
Delta,59.0,6.39,372.0,11.46,Good,Loamy,2,Low
Kwara,72.3,12.0,241.1,11.63,Good,Loamy,3,Low
Benue,71.0,5.58,254.5,23.62,Poor,Sandy,1,Low
Delta,413.1,5.56,305.7,8.07,Poor,Loamy,0,Low
Anambra,338.5,6.79,62.9,22.44,Poor,Loamy,2,Medium
Rivers,320.8,3.5,389.4,24.36,Fair,Clay,1,Low
Bayelsa,259.0,10.7,147.0,6.12,Poor,Clay,3,High
Kwara,362.8,7.51,252.0,12.9,Good,Loamy,0,Low
Niger,112.3,3.52,188.5,13.41,Fair,Sandy,2,Low
Kwara,206.8,9.83,188.3,21.67,Fair,Sandy,4,Low
Bayelsa,246.0,1.86,281.7,7.67,Good,Clay,5,Medium
Jigawa,94.2,11.82,397.9,19.97,Fair,Clay,3,Medium
Rivers,217.8,10.58,264.3,24.28,Poor,Clay,4,Medium
Kogi,176.6,7.59,318.0,21.02,Poor,Sandy,4,Low
Delta,64.2,2.67,13.0,22.74,Poor,Clay,2,High
Benue,104.7,3.76,324.6,17.74,Poor,Loamy,2,Low
Benue,355.6,4.43,121.4,22.61,Fair,Sandy,2,Low
Kogi,57.2,4.03,52.4,4.2,Good,Loamy,4,Low
Kwara,423.7,6.72,47.1,17.84,Fair,Clay,5,Medium
Rivers,84.6,11.42,272.6,18.32,Good,Sandy,0,Low
Lagos,369.7,6.16,399.1,11.04,Good,Clay,2,Low
Delta,409.4,8.45,267.1,2.09,Poor,Sandy,3,Low
Anambra,426.5,8.73,106.4,15.6,Fair,Clay,2,Medium
Bayelsa,397.0,10.65,82.9,1.39,Poor,Sandy,5,High
Kwara,165.0,1.86,211.3,9.62,Fair,Sandy,2,Low
Niger,183.2,5.75,27.9,9.9,Fair,Sandy,5,Low
Jigawa,220.6,9.74,160.9,24.97,Poor,Loamy,2,Low
Benue,105.7,10.06,267.2,7.57,Fair,Clay,4,Medium
Kwara,58.9,11.24,387.1,20.53,Poor,Clay,5,High
Jigawa,397.6,8.88,171.4,1.42,Good,Sandy,0,Low
Bayelsa,271.7,4.07,81.7,13.29,Poor,Loamy,2,Medium
Benue,293.5,6.81,327.3,13.46,Fair,Sandy,4,Low
Benue,420.8,1.84,298.2,15.76,Fair,Clay,3,Low
Lagos,316.0,8.29,344.2,20.27,Good,Clay,0,Low
Kwara,326.3,7.32,87.5,19.07,Good,Sandy,4,Low
Rivers,364.8,8.5,163.1,19.05,Good,Sandy,5,Low
Kogi,96.5,11.27,392.7,10.86,Poor,Sandy,1,Medium
Kogi,194.1,8.72,64.9,18.21,Poor,Clay,3,High
Anambra,437.3,4.86,269.2,12.33,Fair,Sandy,3,Low
Niger,419.2,3.59,96.4,1.77,Good,Sandy,1,Medium
Jigawa,403.6,10.47,201.1,22.27,Good,Clay,4,Medium
Kwara,230.8,3.54,320.6,22.27,Poor,Sandy,4,Low
Delta,392.9,3.2,196.5,8.14,Fair,Loamy,5,Low
Niger,69.4,3.67,322.6,22.86,Good,Clay,3,Low
Lagos,109.4,6.84,171.7,18.97,Poor,Sandy,4,Low
Benue,215.6,2.8,399.7,10.08,Poor,Sandy,1,Low
Rivers,243.4,11.35,175.5,8.35,Good,Clay,4,Medium
Kwara,155.4,11.65,61.5,24.38,Good,Clay,3,Medium
Niger,192.6,11.72,161.9,17.84,Fair,Loamy,4,Low
Niger,115.1,1.91,297.6,9.53,Good,Sandy,0,Low
Rivers,245.7,11.44,339.5,16.09,Poor,Sandy,1,Low
Anambra,367.5,11.97,185.1,14.33,Good,Sandy,1,Low
Jigawa,314.5,11.4,238.6,13.16,Good,Clay,2,Low
Jigawa,93.1,8.54,338.3,16.15,Fair,Clay,4,Medium
Niger,245.0,8.86,325.8,13.49,Poor,Clay,5,High
Bayelsa,329.1,2.78,263.8,16.4,Good,Sandy,1,Low
Niger,262.0,10.68,326.4,22.7,Poor,Sandy,4,Medium
Niger,206.7,2.13,231.2,24.83,Fair,Clay,0,Low
Rivers,298.8,4.84,3.8,17.76,Poor,Loamy,3,High
Benue,437.5,11.91,18.4,23.2,Good,Sandy,3,Medium
Rivers,88.0,5.93,392.0,21.47,Good,Loamy,2,Low
Kwara,206.0,2.88,59.7,7.45,Fair,Clay,2,Medium
Niger,212.6,11.68,163.0,23.33,Fair,Sandy,5,Low
Jigawa,280.8,11.83,373.7,1.86,Fair,Loamy,1,Medium
Delta,110.9,3.46,79.6,8.32,Poor,Sandy,5,Medium
Jigawa,120.7,10.58,337.8,16.03,Poor,Loamy,1,Medium
Kogi,164.1,5.6,327.7,13.22,Poor,Sandy,1,Low
Anambra,432.3,5.5,394.6,13.61,Poor,Loamy,0,Low
Lagos,343.6,4.26,114.1,19.89,Fair,Loamy,2,Medium
Kwara,314.7,1.97,127.5,4.95,Poor,Clay,2,Medium
Kwara,376.8,4.31,361.3,24.55,Poor,Clay,3,Low
Anambra,101.0,2.06,95.2,10.99,Poor,Loamy,2,Medium
Delta,393.7,11.21,220.1,23.75,Poor,Sandy,2,Low
Lagos,287.9,8.45,283.5,9.64,Fair,Loamy,0,Low
Benue,184.1,10.81,110.2,15.08,Fair,Sandy,5,Medium
Niger,376.3,9.03,375.5,11.31,Good,Sandy,1,Low
Lagos,371.0,2.88,266.9,16.93,Good,Sandy,5,Low
Delta,388.3,11.38,20.8,4.67,Poor,Sandy,0,Low
Bayelsa,96.2,10.95,56.0,10.08,Poor,Clay,4,High
Kogi,437.7,5.15,77.9,1.8,Fair,Loamy,3,Medium
Lagos,433.9,2.67,99.5,14.99,Good,Sandy,3,Low
Lagos,193.0,8.89,292.8,24.07,Poor,Clay,3,High
Kogi,76.4,9.15,37.4,1.24,Good,Sandy,5,Medium
Niger,116.8,10.92,141.5,16.52,Good,Sandy,1,Low
Lagos,447.1,2.05,364.7,19.4,Good,Clay,1,Low
Kogi,275.2,2.99,223.6,5.41,Fair,Clay,1,Low
Kogi,192.6,7.78,107.7,6.9,Poor,Sandy,3,High
Kogi,165.3,8.0,382.9,5.12,Poor,Loamy,3,High
Rivers,152.8,1.85,99.2,7.51,Fair,Clay,5,High
Delta,315.7,5.67,362.2,2.84,Fair,Loamy,5,Low
Rivers,217.8,7.63,290.9,9.32,Fair,Sandy,3,Low
Bayelsa,436.2,9.25,296.7,9.29,Good,Sandy,4,Low
Benue,323.5,4.82,306.4,20.2,Good,Sandy,4,Low
Rivers,366.8,6.58,203.6,20.04,Poor,Sandy,5,Low
Rivers,167.1,10.05,326.2,19.94,Poor,Sandy,3,Medium
Delta,81.7,11.52,334.8,14.22,Good,Sandy,1,Low
Benue,245.1,3.92,145.5,8.21,Good,Loamy,1,Low
Anambra,175.8,4.16,161.3,10.33,Fair,Clay,4,Low
Kogi,130.8,11.37,355.7,8.01,Good,Sandy,4,Low
Kwara,431.1,5.66,210.8,14.59,Poor,Clay,3,Medium
Benue,227.6,9.04,347.0,23.46,Poor,Loamy,3,Medium
Bayelsa,119.9,7.93,251.5,7.18,Fair,Sandy,1,Low
Niger,129.5,4.5,238.2,11.53,Fair,Sandy,5,Low
Bayelsa,162.3,8.36,14.3,16.41,Poor,Clay,2,High
Kogi,449.7,8.38,112.6,21.13,Good,Clay,5,High
Benue,157.2,7.72,201.8,6.41,Good,Clay,1,Low
Bayelsa,181.5,2.55,235.8,7.08,Poor,Sandy,5,Low
Bayelsa,313.7,11.95,252.9,22.14,Good,Clay,1,Low
Anambra,167.6,5.7,287.1,2.1,Good,Clay,3,Low
Anambra,136.3,8.2,263.2,15.18,Poor,Loamy,2,Low
Benue,113.5,10.8,339.7,21.53,Poor,Sandy,2,Low
Kogi,175.1,5.94,119.6,23.05,Fair,Sandy,3,Low
Rivers,92.4,9.63,257.3,0.42,Poor,Sandy,0,Low
Jigawa,57.5,11.7,22.4,9.3,Fair,Clay,3,Medium
Lagos,371.9,5.27,193.1,6.51,Fair,Loamy,4,Low
Kwara,105.2,5.76,108.7,14.24,Good,Clay,5,Medium
Lagos,360.4,11.01,153.6,15.86,Poor,Sandy,2,Low
Delta,369.0,3.18,143.2,24.99,Good,Clay,3,Low
Anambra,265.2,1.8,26.1,12.87,Poor,Sandy,1,Low
Benue,173.9,11.04,187.7,13.83,Poor,Clay,1,Medium
Lagos,108.0,10.13,397.9,10.42,Good,Clay,5,Low
Kogi,344.7,11.71,121.0,3.78,Fair,Sandy,1,Low
Kwara,290.6,2.11,295.0,7.65,Poor,Clay,3,Medium
Lagos,312.2,3.14,220.0,6.25,Fair,Sandy,0,Low
Kwara,53.5,2.61,131.4,20.05,Good,Clay,4,Medium
Niger,421.0,8.68,37.7,13.69,Good,Clay,1,Medium
Kogi,76.5,7.86,87.9,7.48,Poor,Clay,3,High
Jigawa,196.7,5.27,313.2,12.28,Good,Sandy,0,Low
Bayelsa,211.1,2.1,113.1,5.55,Poor,Clay,2,Low
Kwara,50.5,8.22,59.4,4.71,Poor,Clay,2,High
Kogi,248.8,7.49,133.9,21.51,Poor,Loamy,5,High
Kwara,351.1,2.69,234.4,23.63,Poor,Loamy,4,Medium
Kwara,379.3,11.04,282.0,2.09,Poor,Sandy,3,Low
Rivers,401.8,3.59,156.2,19.15,Good,Sandy,3,Low
Rivers,245.1,9.31,200.3,11.39,Poor,Sandy,1,Low
Kogi,302.3,10.79,183.1,9.79,Fair,Sandy,0,Low
Rivers,81.8,7.58,5.6,17.27,Poor,Clay,4,High
Delta,245.2,4.09,159.4,6.73,Poor,Clay,0,Low
Jigawa,111.9,4.75,235.8,0.61,Poor,Sandy,4,Low
Benue,197.9,10.8,228.8,5.43,Good,Sandy,3,Low
Kogi,181.7,4.63,300.4,4.7,Fair,Loamy,3,Low
Kogi,219.4,9.34,268.8,0.95,Fair,Sandy,4,Medium
Delta,278.7,11.9,112.2,8.1,Fair,Loamy,0,Low
Anambra,411.2,12.0,103.7,11.92,Good,Sandy,5,Medium
Anambra,207.8,7.1,186.7,18.42,Good,Sandy,2,Low
Rivers,442.5,10.18,293.7,8.21,Poor,Clay,2,High
Benue,353.6,11.9,39.3,4.94,Good,Sandy,1,Low
Rivers,254.6,5.43,379.4,5.84,Fair,Loamy,1,Low
Niger,307.6,4.15,218.2,22.29,Fair,Clay,5,Medium
Niger,90.9,2.7,124.0,5.2,Good,Loamy,0,Low
Bayelsa,387.8,2.98,278.0,21.99,Good,Sandy,5,Low
Niger,282.9,10.46,19.8,11.23,Fair,Clay,3,High
Anambra,444.4,7.68,194.8,23.37,Fair,Loamy,0,Low
Jigawa,304.6,10.67,195.4,10.26,Fair,Sandy,4,Medium
Niger,383.6,9.79,66.5,4.52,Fair,Loamy,2,Medium
Rivers,369.9,8.57,335.3,13.77,Fair,Sandy,1,Low
Kwara,188.2,7.9,319.1,14.73,Good,Loamy,0,Low
Kogi,153.8,2.01,62.8,15.92,Good,Sandy,0,Low
Jigawa,222.2,10.66,146.8,10.35,Poor,Loamy,4,High
Jigawa,236.9,5.89,42.0,1.31,Poor,Clay,3,High
Rivers,146.0,7.38,339.7,15.71,Poor,Sandy,3,Low
Kogi,407.8,1.73,130.7,23.33,Good,Sandy,2,Low
Anambra,267.0,11.33,176.8,23.94,Poor,Loamy,5,High
Jigawa,441.4,10.98,130.9,14.96,Poor,Sandy,5,High
Bayelsa,374.0,7.2,125.4,0.6,Good,Clay,1,Low
Rivers,272.3,7.56,299.4,2.74,Fair,Loamy,3,Medium
Jigawa,428.8,8.9,299.5,20.87,Good,Loamy,3,Low
Benue,251.9,4.28,208.1,20.76,Good,Loamy,3,Low
Kogi,404.8,3.83,263.7,23.66,Fair,Clay,5,Medium
Niger,193.3,8.58,205.6,14.14,Poor,Clay,0,Medium
Jigawa,201.5,2.6,13.4,21.61,Good,Sandy,3,Low
Rivers,217.3,6.27,28.3,20.64,Good,Loamy,5,Low
Niger,268.7,6.67,154.7,14.78,Fair,Clay,4,Low
Bayelsa,271.4,5.5,300.4,19.61,Good,Sandy,5,Low
Niger,248.6,3.45,365.5,3.23,Poor,Clay,2,Low
Benue,172.4,5.23,13.8,16.02,Fair,Clay,3,Medium
Anambra,420.9,5.04,148.5,23.84,Good,Clay,1,Low
Jigawa,285.4,6.74,91.1,4.13,Poor,Sandy,0,Low
Lagos,213.1,8.58,326.5,18.63,Poor,Clay,4,Medium
Lagos,310.5,11.67,338.7,8.09,Good,Clay,5,Medium
Niger,357.2,3.01,84.2,20.45,Poor,Clay,2,Medium
Delta,434.3,10.67,284.9,17.46,Fair,Loamy,0,Low
Kogi,249.8,4.48,293.2,23.16,Poor,Clay,4,Low
Lagos,94.8,7.71,72.5,17.83,Fair,Loamy,0,Low
Delta,226.3,7.24,174.6,10.32,Fair,Clay,2,Low
Lagos,241.6,7.35,248.9,0.37,Fair,Loamy,2,Low
Delta,408.8,9.1,12.4,19.84,Good,Clay,3,High
Kogi,207.9,5.51,163.0,10.27,Poor,Loamy,1,Low
Kwara,431.3,4.85,63.7,16.8,Good,Loamy,3,Low
Lagos,244.1,10.45,217.7,2.72,Good,Loamy,5,Low
Benue,439.5,3.81,337.5,22.29,Fair,Clay,0,Low
Jigawa,53.3,3.39,210.9,10.95,Good,Sandy,3,Low
Delta,409.5,1.66,16.3,23.0,Poor,Loamy,2,High
Jigawa,422.4,3.71,13.8,17.7,Good,Loamy,2,Medium
Rivers,434.4,6.94,243.0,3.12,Good,Loamy,2,Low
Rivers,55.2,7.15,132.5,14.52,Fair,Loamy,3,Low
Kogi,118.7,4.17,229.9,22.76,Fair,Loamy,5,Low
Delta,311.5,2.26,67.1,20.02,Good,Sandy,5,Low
Bayelsa,60.2,9.32,311.2,10.51,Fair,Clay,4,Medium
Rivers,75.4,9.46,344.6,23.88,Good,Sandy,3,Low
Kogi,138.4,11.98,355.9,6.79,Poor,Clay,3,Medium
Rivers,255.0,10.95,123.0,9.44,Poor,Sandy,3,Medium
Rivers,268.4,11.22,265.0,18.77,Fair,Clay,3,Medium
Bayelsa,63.7,9.88,113.1,5.9,Poor,Loamy,2,Medium
Lagos,118.1,7.96,305.6,12.93,Poor,Clay,1,Medium
Niger,249.9,2.85,50.0,18.25,Good,Clay,3,Low
Kwara,287.6,8.03,305.6,16.13,Fair,Loamy,3,Low
Rivers,109.4,2.09,177.0,3.97,Poor,Loamy,1,Low
Rivers,209.5,10.8,342.5,15.78,Fair,Clay,3,Medium
Benue,411.8,6.56,296.1,14.36,Fair,Clay,1,Low
Kwara,449.6,8.82,151.9,13.99,Fair,Loamy,2,Low
Bayelsa,444.9,2.05,361.6,20.67,Poor,Sandy,4,Low
Jigawa,402.7,7.11,114.8,4.68,Fair,Loamy,3,Medium
Delta,207.9,4.66,386.9,18.81,Fair,Clay,4,Low
Rivers,324.6,4.49,307.3,19.05,Good,Clay,3,Low
Niger,216.6,5.59,396.3,18.09,Good,Clay,0,Low
Delta,309.4,1.51,23.5,12.7,Good,Loamy,5,Medium
Kwara,173.8,6.4,111.1,9.95,Good,Loamy,0,Low
Delta,292.5,6.61,297.0,9.93,Fair,Sandy,2,Low
Lagos,259.5,10.56,369.1,18.37,Good,Clay,4,Medium
Rivers,59.8,6.21,13.5,12.5,Good,Clay,4,Medium
Delta,366.3,5.32,2.0,8.53,Poor,Loamy,1,Medium
Jigawa,54.8,11.94,104.0,15.67,Good,Clay,1,Medium
Jigawa,167.3,7.5,341.4,20.94,Good,Sandy,3,Low
Rivers,52.4,6.46,307.3,1.63,Poor,Loamy,1,Low
Anambra,200.5,6.71,137.4,24.31,Fair,Clay,1,Medium
Jigawa,75.3,10.0,2.8,2.51,Fair,Loamy,4,High
Delta,415.4,5.08,222.8,12.84,Poor,Loamy,0,Low
Kogi,216.3,5.59,96.7,14.05,Poor,Sandy,4,Medium
Jigawa,233.8,9.44,298.8,3.54,Fair,Loamy,1,Low
Kwara,189.9,2.27,179.6,22.9,Good,Clay,3,Low
Anambra,301.0,10.58,272.1,11.84,Poor,Sandy,0,Low
Delta,363.8,6.02,341.2,3.66,Poor,Loamy,1,Low
Bayelsa,309.3,7.6,215.2,17.82,Poor,Clay,1,Medium
Benue,349.3,9.45,135.7,16.62,Fair,Loamy,5,High
Bayelsa,412.4,4.29,308.3,24.08,Fair,Loamy,3,Medium
Lagos,395.4,10.85,107.5,11.09,Fair,Sandy,3,Medium
Benue,319.6,11.78,356.8,6.77,Fair,Sandy,1,Low
Lagos,135.9,6.69,30.4,1.59,Fair,Sandy,1,Low
Benue,305.1,11.34,334.5,18.35,Good,Sandy,4,Low
Benue,252.4,1.51,38.4,15.47,Good,Clay,2,Medium
Kogi,336.9,10.89,24.3,24.32,Fair,Loamy,3,Medium
Niger,383.2,4.77,146.6,17.83,Fair,Sandy,3,Low
Kwara,347.1,4.77,382.7,23.34,Fair,Clay,5,Low
Bayelsa,388.6,3.89,393.4,24.79,Poor,Sandy,4,Medium
Jigawa,75.5,4.83,82.4,10.77,Poor,Loamy,0,Low
Delta,62.6,3.74,61.2,3.84,Fair,Sandy,5,Medium
Anambra,153.4,11.01,142.5,4.98,Fair,Loamy,5,Medium
Kwara,410.3,10.94,136.2,8.03,Poor,Loamy,0,Medium
Lagos,379.5,2.57,304.3,12.77,Poor,Clay,0,Low
Kogi,323.1,3.0,178.7,3.15,Poor,Sandy,3,Low
Lagos,330.3,10.55,312.4,7.61,Poor,Sandy,2,Low
Niger,340.7,5.69,300.0,7.76,Poor,Loamy,2,Low
Anambra,427.0,3.28,232.2,0.2,Fair,Sandy,4,Low
Kogi,382.9,6.86,333.7,8.92,Fair,Loamy,0,Low
Lagos,299.4,5.88,79.9,2.99,Poor,Clay,0,Medium
Niger,316.3,3.8,66.4,10.8,Fair,Sandy,1,Low
Delta,135.5,9.07,300.8,4.99,Poor,Loamy,4,Medium
Delta,312.9,8.13,99.4,20.57,Poor,Sandy,5,High
Lagos,219.9,2.55,3.1,2.11,Poor,Sandy,5,High
Kwara,111.2,11.22,365.0,21.65,Fair,Clay,4,Medium
Anambra,372.6,7.36,249.9,14.56,Fair,Loamy,3,Low
Rivers,254.1,4.13,179.1,11.52,Fair,Clay,3,Low
Kwara,441.0,3.67,290.8,13.79,Fair,Clay,4,Low
Delta,162.7,2.93,134.7,9.47,Good,Clay,2,Low
Anambra,242.3,5.96,381.6,3.28,Poor,Loamy,4,Medium
Niger,229.2,2.92,29.3,19.17,Poor,Loamy,2,Medium
Kogi,98.3,5.87,257.1,23.2,Fair,Sandy,3,Low
Benue,220.4,3.06,311.4,23.76,Fair,Loamy,4,Low
Lagos,165.0,8.4,188.7,16.8,Good,Clay,2,Low
Bayelsa,114.1,9.75,302.5,10.32,Poor,Loamy,1,Medium
Anambra,162.9,7.27,370.9,12.01,Poor,Sandy,1,Low
Jigawa,143.3,8.64,298.1,16.46,Fair,Clay,4,Medium
Niger,343.6,11.35,125.1,20.59,Fair,Sandy,0,Low
Rivers,62.3,8.2,225.6,9.43,Good,Loamy,4,Low
Benue,297.0,5.32,364.8,22.93,Poor,Sandy,3,Low
Jigawa,354.3,6.22,180.7,8.17,Good,Sandy,3,Low
Rivers,242.3,10.54,273.3,13.32,Poor,Loamy,1,Low
Bayelsa,422.6,2.87,187.3,24.04,Fair,Sandy,2,Low
Delta,333.2,4.92,50.3,23.46,Good,Loamy,1,Low
Kwara,349.2,7.56,25.3,17.42,Fair,Clay,2,High
Lagos,128.8,8.6,381.0,8.18,Poor,Sandy,4,Low
Kogi,360.9,9.52,245.8,5.55,Poor,Clay,0,Medium
Rivers,382.8,4.84,43.3,2.1,Good,Loamy,3,Low
Benue,194.5,3.03,343.3,17.75,Fair,Loamy,4,Medium
Anambra,135.3,11.53,210.0,12.64,Poor,Sandy,1,Low
Delta,204.0,2.3,309.2,14.35,Poor,Sandy,5,Low
Anambra,345.8,2.51,52.4,11.86,Good,Loamy,5,Medium
Benue,217.1,6.7,363.0,12.13,Good,Loamy,4,Low
Anambra,344.7,10.1,237.0,14.32,Fair,Clay,0,Low
Rivers,95.4,9.63,295.8,22.87,Good,Clay,2,Low
Niger,372.4,11.35,14.5,0.83,Poor,Sandy,0,High
Anambra,151.3,2.99,127.5,20.06,Fair,Sandy,1,Low
Kwara,149.6,5.45,108.4,9.82,Fair,Sandy,0,Low
Bayelsa,286.2,4.46,379.9,18.65,Fair,Sandy,3,Low
Kogi,78.0,10.54,75.8,23.72,Poor,Sandy,5,High
Rivers,60.5,6.63,283.4,7.73,Good,Sandy,0,Low
Jigawa,154.4,1.78,19.0,2.33,Fair,Sandy,4,Low
Benue,265.2,8.93,80.7,5.88,Poor,Sandy,2,Medium
Delta,413.0,5.58,136.8,5.63,Good,Clay,3,Low
Rivers,388.6,7.08,318.2,18.57,Fair,Loamy,3,Low
Niger,246.2,10.88,316.4,1.64,Good,Loamy,3,Low
Delta,64.8,4.2,381.1,1.37,Good,Sandy,1,Low
Kwara,264.1,4.02,366.9,17.37,Good,Loamy,1,Low
Benue,331.9,4.26,34.4,13.96,Poor,Sandy,4,Medium
Delta,185.7,5.05,332.3,10.5,Fair,Clay,2,Low
Anambra,94.4,2.63,181.6,14.43,Fair,Sandy,0,Low
Rivers,161.4,8.82,346.6,18.41,Fair,Clay,4,Medium
Bayelsa,358.6,3.68,37.5,2.68,Poor,Clay,1,Medium
Benue,190.5,11.22,329.5,13.88,Good,Clay,4,Low
Lagos,374.8,3.76,65.5,20.63,Poor,Sandy,2,Medium
Kwara,177.8,4.18,134.9,9.12,Fair,Clay,4,Medium
Kogi,115.4,4.62,13.5,19.1,Good,Sandy,5,Low
Benue,224.3,9.57,51.2,21.15,Poor,Clay,5,High
Niger,230.9,5.99,179.4,20.54,Poor,Clay,3,Medium
Rivers,56.4,10.1,327.7,16.29,Poor,Loamy,0,Low
Anambra,96.8,9.74,309.9,17.96,Poor,Sandy,1,Low
Kogi,124.0,11.26,95.6,19.71,Good,Loamy,1,Low
Kogi,95.4,9.44,62.4,18.37,Poor,Clay,5,High
Kwara,186.6,2.05,156.9,11.35,Good,Loamy,2,Low
Delta,435.8,10.29,353.5,4.06,Poor,Clay,2,Medium
Niger,253.7,11.35,38.4,7.81,Fair,Loamy,2,Medium
Delta,301.0,11.93,218.1,5.26,Poor,Loamy,1,Low
Anambra,192.6,2.82,37.3,9.1,Poor,Sandy,3,Low
Kogi,179.4,7.94,189.1,12.28,Fair,Sandy,0,Low
Niger,59.3,3.59,52.5,23.98,Good,Loamy,2,Low
Niger,250.1,4.26,34.0,23.99,Poor,Loamy,1,Medium
Jigawa,243.4,9.33,78.0,19.26,Poor,Sandy,3,Medium
Rivers,113.1,11.77,103.6,24.51,Fair,Clay,2,Medium
Kogi,355.7,7.75,112.0,24.95,Good,Clay,2,Medium
Kogi,247.1,10.43,258.8,22.14,Fair,Clay,0,Low
Niger,185.6,1.59,23.9,2.08,Poor,Clay,5,High
Delta,108.8,1.88,34.2,10.71,Good,Loamy,0,Low
Kogi,270.9,7.77,77.1,13.4,Poor,Clay,4,High
Niger,351.1,5.58,349.1,3.19,Fair,Loamy,5,Low
Kogi,162.8,10.84,252.2,20.23,Poor,Loamy,5,Medium
Niger,137.5,4.67,292.7,3.8,Fair,Clay,5,Medium
Jigawa,258.8,6.04,149.4,9.64,Fair,Clay,2,Medium
Rivers,112.1,7.04,86.9,1.82,Good,Clay,4,Medium
Niger,316.6,4.37,17.1,13.16,Fair,Sandy,1,Medium
Kogi,292.1,11.04,196.4,14.97,Good,Loamy,0,Low
Anambra,84.8,6.38,230.6,18.41,Good,Clay,5,Low
Rivers,64.6,5.95,359.0,8.55,Good,Sandy,5,Low
Jigawa,298.1,10.42,353.1,14.8,Good,Loamy,3,Low
Niger,167.7,4.78,171.0,18.38,Good,Loamy,2,Low
Anambra,84.6,10.08,170.6,19.07,Fair,Loamy,2,Low
Niger,353.8,2.78,66.1,7.61,Fair,Clay,4,Medium
Delta,175.6,3.42,104.5,1.79,Good,Clay,0,Medium
Kogi,233.8,11.48,370.4,1.04,Fair,Loamy,5,Medium
Benue,144.7,10.35,58.1,19.22,Good,Loamy,5,Medium
Kwara,300.9,5.57,387.5,9.7,Fair,Sandy,4,Low
Bayelsa,170.6,8.2,202.9,3.44,Good,Sandy,2,Low
Delta,437.2,11.4,183.7,4.69,Poor,Loamy,0,Low
Anambra,331.2,3.72,71.5,19.18,Poor,Sandy,2,Medium
Delta,104.7,2.12,265.3,15.01,Good,Loamy,0,Low
Lagos,216.7,7.14,185.0,12.58,Fair,Sandy,2,Low
Niger,204.2,3.0,149.5,15.61,Good,Loamy,3,Low
Niger,263.7,3.47,107.3,3.52,Fair,Clay,5,High
Bayelsa,386.8,10.86,28.5,8.04,Good,Loamy,4,Medium
Bayelsa,283.4,1.58,208.7,9.41,Good,Clay,0,Low
Lagos,74.6,10.08,126.5,7.93,Fair,Loamy,4,Medium
Kogi,312.2,6.93,283.7,21.62,Fair,Clay,0,Low
Kwara,53.3,7.37,290.0,14.58,Good,Sandy,0,Low
Benue,362.0,8.55,134.2,18.26,Poor,Clay,5,High
Benue,316.7,6.03,268.3,5.99,Poor,Sandy,0,Low
Jigawa,173.5,2.71,105.0,6.68,Poor,Loamy,2,Medium
Jigawa,167.0,2.58,291.4,5.71,Poor,Sandy,1,Low
Kogi,369.3,9.42,8.4,17.23,Poor,Sandy,2,High
Jigawa,363.3,3.82,62.3,8.79,Fair,Sandy,1,Low
Jigawa,190.9,1.8,99.5,10.19,Poor,Loamy,5,Medium
Lagos,169.6,11.79,309.6,17.76,Fair,Clay,5,Medium
Lagos,273.9,11.79,28.4,24.3,Poor,Sandy,2,Medium
Jigawa,53.3,5.47,76.8,4.13,Fair,Loamy,1,Low
Delta,83.1,1.77,144.7,1.66,Poor,Sandy,5,High
Rivers,100.5,9.14,5.7,4.95,Poor,Clay,0,High
Rivers,124.2,10.23,305.3,18.4,Fair,Sandy,0,Low
Kogi,254.8,2.81,224.9,4.95,Fair,Sandy,1,Low
Benue,446.9,2.92,360.5,14.65,Good,Sandy,1,Low
Bayelsa,311.0,10.13,14.4,14.8,Poor,Clay,4,High
Kogi,74.5,11.18,110.0,7.43,Poor,Clay,0,Medium
Jigawa,260.2,9.8,293.0,1.81,Fair,Loamy,2,Medium
Lagos,248.7,3.61,270.7,10.04,Fair,Sandy,4,Low
Niger,107.7,5.82,98.7,4.75,Poor,Sandy,1,Low
Delta,418.1,7.81,239.1,4.69,Poor,Sandy,5,Medium
Anambra,226.3,3.18,317.9,13.11,Fair,Sandy,2,Low
Lagos,447.8,3.71,15.3,16.86,Fair,Clay,3,High
Rivers,218.0,4.47,287.6,1.98,Poor,Clay,3,Medium
Lagos,293.2,6.85,102.3,14.5,Fair,Sandy,5,Low
Delta,91.9,6.86,379.2,6.23,Fair,Sandy,3,Low
Bayelsa,231.7,10.05,216.2,16.87,Poor,Sandy,5,Medium
Jigawa,145.5,9.41,15.3,20.27,Good,Sandy,2,Medium
Niger,384.2,11.09,162.6,20.19,Fair,Loamy,5,Medium
Rivers,363.6,10.25,386.6,9.31,Good,Loamy,1,Low
Rivers,379.7,4.17,292.7,14.23,Fair,Sandy,2,Low
Kwara,339.4,4.98,121.6,19.86,Good,Sandy,4,Low
Benue,383.1,6.75,231.0,1.61,Fair,Sandy,4,Low
Bayelsa,130.3,1.65,240.4,15.18,Good,Loamy,3,Low
Rivers,230.8,10.99,11.3,20.93,Good,Clay,1,Medium
Benue,326.7,1.97,73.2,9.37,Fair,Loamy,4,Medium
Rivers,305.0,4.89,221.6,11.44,Good,Loamy,0,Low
Jigawa,336.5,7.48,162.3,17.5,Poor,Sandy,0,Low
Benue,139.7,6.94,77.6,1.79,Poor,Sandy,3,High
Delta,89.4,8.37,309.5,9.7,Poor,Clay,3,Medium
Kwara,416.7,7.04,196.6,7.46,Good,Sandy,3,Low
Jigawa,274.1,3.9,125.4,0.52,Fair,Sandy,4,Medium
Delta,111.5,3.61,66.3,4.98,Good,Clay,1,Low
Niger,367.4,11.03,245.2,9.96,Fair,Sandy,5,Medium
Bayelsa,416.0,4.27,267.2,5.02,Good,Sandy,5,Low
Bayelsa,117.8,4.45,268.5,15.1,Fair,Sandy,3,Low
Anambra,377.0,5.84,89.7,11.27,Good,Loamy,2,Low
Anambra,423.3,2.96,238.9,1.08,Good,Sandy,3,Low
Benue,425.3,6.83,362.4,6.95,Poor,Loamy,5,Medium
Bayelsa,415.7,8.48,142.6,0.58,Good,Sandy,5,Medium
Benue,268.6,9.75,85.9,9.02,Poor,Sandy,5,High
Anambra,192.5,8.97,309.3,6.55,Fair,Loamy,4,Medium
Niger,52.9,3.05,72.4,17.24,Fair,Loamy,1,Low
Rivers,74.4,6.29,103.0,7.75,Poor,Sandy,3,Medium
Delta,221.5,1.91,42.1,9.44,Good,Clay,0,Low
Lagos,209.7,1.69,108.6,18.16,Fair,Sandy,3,Low
Benue,123.9,6.12,165.3,12.07,Good,Loamy,3,Low
Niger,208.2,4.16,27.5,13.96,Good,Sandy,1,Low
Delta,119.9,8.68,348.9,21.05,Good,Sandy,2,Low
Bayelsa,389.5,9.1,206.4,5.25,Fair,Loamy,3,Low
Rivers,169.3,10.9,236.1,24.73,Fair,Clay,3,Medium
Delta,289.4,9.49,149.8,22.51,Good,Clay,5,High
Kwara,251.1,2.01,268.6,7.24,Poor,Loamy,4,Low
Anambra,70.8,5.4,173.8,22.33,Poor,Loamy,1,Low
Delta,426.9,4.37,305.0,18.87,Poor,Sandy,4,Low
Lagos,260.9,5.55,328.9,23.28,Good,Loamy,5,Low
Niger,180.0,3.18,269.4,17.31,Poor,Loamy,3,Low
Rivers,113.3,2.53,197.6,16.89,Fair,Sandy,3,Low
Jigawa,185.4,6.97,313.3,0.19,Poor,Sandy,0,Low
Delta,58.2,9.06,198.7,11.92,Poor,Sandy,4,Medium
Kogi,195.4,8.87,46.4,5.09,Good,Clay,5,High
Lagos,262.6,6.23,48.3,8.17,Fair,Clay,1,Medium
Lagos,398.7,6.98,379.5,24.47,Fair,Loamy,3,Low
Kogi,324.9,6.92,87.0,2.23,Poor,Sandy,0,Low
Kwara,94.6,8.76,326.7,18.09,Good,Loamy,0,Low
Jigawa,109.1,2.0,100.2,4.41,Good,Loamy,2,Low
Anambra,221.2,8.95,173.5,0.28,Poor,Clay,1,Medium
Niger,128.3,7.61,262.7,12.59,Fair,Clay,0,Low
Rivers,61.1,3.58,65.2,4.11,Fair,Loamy,1,Low
Niger,372.0,2.02,295.4,24.14,Fair,Sandy,3,Low
Jigawa,57.8,2.64,276.6,5.17,Good,Clay,2,Low
Niger,382.3,7.01,218.1,4.88,Poor,Clay,5,Medium
Kogi,107.6,9.46,227.2,0.9,Good,Clay,1,Low
Lagos,439.9,5.01,44.1,8.31,Fair,Loamy,5,Medium
Niger,291.5,5.48,175.5,0.7,Good,Clay,2,Low
Benue,344.0,11.31,36.5,12.52,Fair,Sandy,5,Medium
Delta,94.2,3.74,124.5,12.69,Poor,Clay,1,Medium
Jigawa,394.8,2.59,360.3,1.43,Fair,Loamy,5,Medium
Kwara,385.7,5.11,230.7,6.08,Poor,Loamy,1,Low
Benue,311.2,9.33,297.6,20.82,Good,Loamy,4,Low
Kogi,250.9,8.07,230.4,11.62,Good,Loamy,2,Low
Bayelsa,338.6,5.87,79.3,10.92,Good,Sandy,1,Low
Kogi,52.4,11.63,238.7,17.5,Fair,Loamy,4,Medium
Kwara,287.0,9.22,302.6,17.9,Poor,Clay,4,Medium
Kwara,389.0,2.15,57.1,19.07,Good,Sandy,2,Low
Benue,192.8,9.32,327.1,20.78,Good,Loamy,3,Low
Delta,93.3,1.75,223.0,5.88,Poor,Loamy,2,Low
Jigawa,218.4,8.33,3.7,1.75,Fair,Sandy,1,Low
Anambra,340.8,3.71,208.9,9.57,Good,Clay,3,Low
Lagos,92.9,8.81,159.5,21.39,Fair,Sandy,2,Low
Benue,132.4,4.75,120.0,2.04,Fair,Clay,2,Medium
Kwara,109.0,10.67,309.0,14.44,Fair,Clay,2,Low
Bayelsa,368.8,5.04,360.0,17.56,Good,Loamy,2,Low
Rivers,75.2,8.01,305.5,12.09,Good,Sandy,3,Low
Kwara,324.6,4.5,339.0,6.45,Poor,Sandy,1,Low
Delta,196.6,11.13,363.7,8.23,Poor,Loamy,4,Medium
Delta,352.3,9.7,365.2,1.88,Fair,Loamy,2,Medium
Kwara,435.8,4.05,47.6,7.39,Good,Clay,4,Medium
Delta,95.8,11.46,183.6,1.21,Fair,Loamy,4,High
Benue,175.8,5.25,2.1,18.19,Poor,Sandy,4,Medium
Kwara,374.1,8.34,203.6,22.46,Fair,Loamy,2,Low
Kwara,156.5,9.3,369.8,15.87,Fair,Loamy,2,Medium
Jigawa,136.0,1.74,81.2,16.45,Good,Loamy,5,Low
Lagos,380.2,11.57,256.6,11.86,Fair,Loamy,2,Low
Bayelsa,444.8,5.12,258.5,3.99,Fair,Loamy,2,Low
Delta,272.8,3.49,65.8,0.29,Good,Clay,0,Low
Jigawa,161.2,10.43,96.9,8.67,Good,Loamy,1,Medium
Anambra,209.4,8.88,185.9,18.81,Poor,Loamy,0,Low
Anambra,118.1,2.41,76.9,24.01,Good,Sandy,5,Low
Niger,354.8,2.73,234.8,10.83,Fair,Loamy,3,Low
Benue,359.4,9.01,194.8,9.2,Poor,Sandy,0,Low
Benue,400.0,2.29,208.6,11.2,Poor,Sandy,0,Low
Kogi,60.6,11.13,55.5,10.75,Poor,Sandy,0,Medium
Bayelsa,274.8,9.29,207.9,15.68,Poor,Sandy,1,Low
Kwara,135.7,5.02,21.7,18.38,Fair,Clay,4,High
Delta,186.4,5.31,352.9,19.65,Fair,Clay,3,Low
Bayelsa,364.0,6.82,138.6,16.28,Fair,Sandy,3,Low
Niger,126.8,5.29,342.8,11.0,Fair,Clay,1,Low
Kogi,305.3,9.73,281.3,23.76,Poor,Clay,5,High
Jigawa,311.8,11.73,306.9,17.8,Fair,Loamy,0,Low
Bayelsa,431.6,7.64,127.2,10.72,Poor,Clay,4,High
Jigawa,360.1,6.18,92.6,11.22,Good,Sandy,2,Low
Anambra,371.5,3.84,163.9,20.47,Fair,Sandy,1,Low
Delta,262.6,8.36,11.6,11.07,Good,Sandy,5,High
Niger,124.7,8.7,367.7,12.96,Good,Sandy,4,Low
Kwara,220.2,8.69,156.0,7.36,Fair,Loamy,5,Medium
Delta,269.8,1.78,395.4,20.99,Poor,Clay,1,Low
Lagos,321.4,10.94,305.1,13.1,Good,Sandy,1,Low
Benue,293.1,5.05,34.0,13.86,Fair,Loamy,2,Low
Niger,207.6,9.31,264.8,22.03,Good,Sandy,5,Low
Bayelsa,156.1,9.48,109.8,23.02,Good,Clay,4,Medium
Delta,117.3,8.33,99.0,20.62,Fair,Loamy,5,High
Rivers,327.5,5.65,104.1,1.73,Good,Clay,5,High
Benue,308.2,7.89,366.6,11.14,Poor,Loamy,0,Low
Benue,324.9,1.92,201.0,8.65,Poor,Sandy,5,Low
Rivers,199.0,9.5,268.4,5.42,Good,Sandy,4,Low
Kogi,155.0,2.55,113.8,22.73,Good,Clay,4,Medium
Kogi,353.9,5.67,210.1,22.26,Fair,Clay,0,Low
Rivers,359.5,2.59,141.3,11.69,Poor,Loamy,2,Medium
Lagos,232.2,10.29,129.8,3.45,Good,Clay,4,Medium
Anambra,294.8,7.28,100.3,0.43,Poor,Clay,5,High
Rivers,199.4,8.76,164.8,11.02,Good,Sandy,5,Low
Anambra,330.8,8.67,264.7,1.09,Fair,Sandy,0,Low
Delta,384.3,10.34,90.4,15.28,Fair,Sandy,1,Low
Lagos,325.3,2.89,386.2,15.25,Poor,Sandy,1,Low
Niger,255.0,8.43,51.6,22.48,Poor,Sandy,0,Low
Anambra,233.5,7.54,193.1,4.83,Good,Sandy,1,Low
Benue,306.9,1.82,35.8,9.35,Good,Sandy,4,Low
Delta,321.9,3.61,11.0,21.5,Good,Loamy,0,Medium
Benue,273.5,4.31,369.2,11.91,Poor,Sandy,5,Low
Lagos,300.0,2.26,324.5,1.59,Fair,Sandy,4,Medium
Anambra,88.6,5.22,278.3,2.86,Fair,Sandy,3,Low
Jigawa,430.7,1.79,346.3,20.36,Poor,Sandy,2,Low
Lagos,366.3,7.31,321.5,18.62,Fair,Sandy,5,Low
